candidate_id,fold_id,target_date,actual,prediction,arima_prediction,residual_correction
current_no_text_pressure,validation_1,2021-08-22,4.67,4.678148507337665,4.678154935850218,-6.42851255291618e-06
current_no_text_pressure,validation_1,2021-08-29,4.691,4.668719386057983,4.668721558199933,-2.172141950033263e-06
current_no_text_pressure,validation_1,2021-09-05,4.746,4.6971327644038015,4.69774514732812,-0.0006123829243184992
current_no_text_pressure,validation_1,2021-09-12,4.762,4.7644929104275,4.763665862049838,0.0008270483776624526
current_no_text_pressure,validation_1,2021-09-19,4.77,4.766609594025257,4.767139159869044,-0.0005295658437862723
current_no_text_pressure,validation_1,2021-09-26,4.83,4.7720995028436475,4.772569579934522,-0.0004700770908739252
current_no_text_pressure,validation_1,2021-10-03,5.014,4.850631586222812,4.849271849508915,0.0013597367138978396
current_no_text_pressure,validation_1,2021-10-10,5.033,5.073095502101587,5.073100338494004,-4.8363924166164346e-06
current_no_text_pressure,validation_1,2021-10-17,5.048,5.038288174846717,5.03910275234449,-0.0008145774977721923
current_no_text_pressure,validation_1,2021-10-24,5.29,5.052754533787752,5.052817962377229,-6.342858947713704e-05
current_no_text_pressure,validation_1,2021-10-31,5.425,5.3675482965938235,5.367729793019287,-0.00018149642546419148
current_no_text_pressure,validation_1,2021-11-07,5.45,5.468437711298704,5.468361661395057,7.604990364733455e-05
current_no_text_pressure,validation_1,2021-11-14,5.448,5.457992498194226,5.458029937295381,-3.743910115408425e-05
current_no_text_pressure,validation_1,2021-11-21,5.447,5.447347781479818,5.447357605016371,-9.823536551950258e-06
current_no_text_pressure,validation_1,2021-11-28,5.446,5.446383587106642,5.446678802508185,-0.00029521540154215937
current_no_text_pressure,validation_1,2021-12-05,5.435,5.4451844966379825,5.445651714774009,-0.0004672181360260491
current_no_text_pressure,validation_1,2021-12-12,5.419,5.430831416060084,5.431168862514095,-0.0003374464540117842
current_no_text_pressure,validation_1,2021-12-19,5.413,5.412928372961415,5.41342743638414,-0.0004990634227253947
current_no_text_pressure,validation_1,2021-12-26,5.41,5.411786252546266,5.410910288644053,0.0008759639022130156
current_no_text_pressure,validation_1,2022-01-02,5.426,5.410883309005961,5.408955144322026,0.0019281646839350419
current_no_text_pressure,validation_1,2022-01-09,5.492,5.434225822010979,5.431572563615861,0.0026532583951179895
current_no_text_pressure,validation_1,2022-01-16,5.638,5.51661958807036,5.5149868249154235,0.0016327631549363662
current_no_text_pressure,validation_1,2022-01-23,5.646,5.688988229185379,5.6888496429947235,0.00013858619065612734
current_no_text_pressure,validation_1,2022-01-30,5.646,5.649411934612948,5.64878628180793,0.0006256528050176027
current_no_text_pressure,validation_1,2022-02-06,5.653,5.646920548102442,5.646,0.0009205481024420842
current_no_text_pressure,validation_1,2022-02-13,5.653,5.655676988259306,5.655437996581938,0.00023899167736846834
current_no_text_pressure,validation_1,2022-02-20,5.651,5.652939057818259,5.653,-6.094218174105596e-05
current_no_text_pressure,validation_1,2022-02-27,5.668,5.6502991135964225,5.650303429548018,-4.315951595536285e-06
current_no_text_pressure,validation_1,2022-03-06,5.912,5.674820699255137,5.673988376911076,0.0008323223440604674
current_no_text_pressure,validation_1,2022-03-13,6.751,5.998094658455146,5.997950821547212,0.00014383690793469043
current_no_text_pressure,validation_1,2022-03-20,6.674,7.0465404428557274,7.0465440134348825,-3.570579155381176e-06
current_no_text_pressure,validation_1,2022-03-27,6.73,6.646872242708048,6.6468761751674785,-3.932459430154102e-06
current_no_text_pressure,validation_1,2022-04-03,6.73,6.749727719806029,6.749726418060017,1.3017460118833515e-06
current_no_text_pressure,validation_1,2022-04-10,6.722,6.729994180992827,6.73,-5.819007173208743e-06
current_no_text_pressure,validation_1,2022-04-17,6.733,6.719171100247893,6.719181940277141,-1.0840029248268419e-05
current_no_text_pressure,validation_1,2022-04-24,6.741,6.736839385082986,6.736874832118931,-3.5447035945964136e-05
current_no_text_pressure,validation_1,2022-05-01,6.775,6.743761396942582,6.743818059722859,-5.666278027683562e-05
current_no_text_pressure,validation_1,2022-05-08,6.97,6.787531448635196,6.786976753822153,0.0005546948130430965
current_no_text_pressure,validation_1,2022-05-15,7.07,7.038872181460499,7.038690205744698,0.0001819757158007131
current_no_text_pressure,validation_1,2022-05-22,7.05,7.1052128305166,7.105225746535743,-1.2916019143116704e-05
current_no_text_pressure,validation_1,2022-05-29,7.01,7.042911898292928,7.042954850692851,-4.295239992346015e-05
current_no_text_pressure,validation_1,2022-06-05,7.01,6.999064509896404,6.999141035037236,-7.652514083219262e-05
current_no_text_pressure,validation_1,2022-06-12,7.03,7.010447653098563,7.01,0.0004476530985633402
current_no_text_pressure,validation_1,2022-06-19,7.68,7.038260582812652,7.035429482481383,0.002831100331269187
current_no_text_pressure,validation_1,2022-06-26,7.67,7.856454118461056,7.856458180644914,-4.062183857600237e-06
current_no_text_pressure,validation_1,2022-07-03,7.63,7.667254310198566,7.667285258759309,-3.094856074224567e-05
current_no_text_pressure,validation_1,2022-07-10,7.58,7.618956252209411,7.619141035037236,-0.0001847828278249294
current_no_text_pressure,validation_1,2022-07-17,7.55,7.566406541855999,7.566426293796545,-1.9751940546588534e-05
current_no_text_pressure,validation_1,2022-07-24,7.51,7.541490807018524,7.541855776277926,-0.00036496925940278054
current_no_text_pressure,validation_1,2022-07-31,7.47,7.498783988268095,7.499141035037236,-0.00035704676914063846
current_no_text_pressure,validation_1,2022-08-07,7.31,7.458911679322963,7.459141035037236,-0.00022935571427358382
current_no_text_pressure,validation_1,2022-08-14,7.13,7.266556717417052,7.266564140148944,-7.422731891806642e-06
current_no_text_pressure,validation_2,2022-08-21,7.01,7.081122596002831,7.081134657667562,-1.206166473079099e-05
current_no_text_pressure,validation_2,2022-08-28,6.99,6.975022195687315,6.977423105111708,-0.0024009094243920685
current_no_text_pressure,validation_2,2022-09-04,6.96,6.987431228102293,6.985202840027735,0.0022283880745577254
current_no_text_pressure,validation_2,2022-09-11,6.94,6.950794037820054,6.952804260041602,-0.00201022222154802
current_no_text_pressure,validation_2,2022-09-18,6.82,6.9352071625761855,6.935202840027735,4.322548451087188e-06
current_no_text_pressure,validation_2,2022-09-25,6.73,6.788352122647188,6.791217040166408,-0.0028649175192196233
current_no_text_pressure,validation_2,2022-10-02,6.66,6.706791252495814,6.708412780124806,-0.0016215276289911489
current_no_text_pressure,validation_2,2022-10-09,6.65,6.641041156616529,6.643209940097071,-0.002168783480541815
current_no_text_pressure,validation_2,2022-10-16,6.72,6.646704173641558,6.647601420013868,-0.0008972463723103217
current_no_text_pressure,validation_2,2022-10-23,6.68,6.737082278333571,6.736790059902929,0.00029221843064224405
current_no_text_pressure,validation_2,2022-10-30,6.71,6.668711588368843,6.6704056800554685,-0.0016940916866263363
current_no_text_pressure,validation_2,2022-11-06,6.71,6.719344450077741,6.717195739958398,0.00214871011934279
current_no_text_pressure,validation_2,2022-11-13,6.69,6.7115714830976465,6.71,0.0015714830976462778
current_no_text_pressure,validation_2,2022-11-20,6.68,6.688382961706884,6.685202840027735,0.0031801216791486355
current_no_text_pressure,validation_2,2022-11-27,6.67,6.683178124269231,6.6776014200138665,0.005576704255364382
current_no_text_pressure,validation_2,2022-12-04,6.63,6.6756943552321975,6.667562566652319,0.008131788579878552
current_no_text_pressure,validation_2,2022-12-11,6.48,6.624865085614668,6.620250266609276,0.004614819005391321
current_no_text_pressure,validation_2,2022-12-18,6.42,6.44301566494802,6.443438499784787,-0.0004228348367668008
current_no_text_pressure,validation_2,2022-12-25,6.38,6.403556932745304,6.405375399913915,-0.0018184671686104221
current_no_text_pressure,validation_2,2023-01-01,6.51,6.3711068602325,6.370250266609276,0.000856593623223574
current_no_text_pressure,validation_2,2023-01-08,6.47,6.540206230151693,6.541686633519851,-0.0014804033681581528
current_no_text_pressure,validation_2,2023-01-15,6.43,6.461536702762713,6.460250266609276,0.0012864361534362155
current_no_text_pressure,validation_2,2023-01-22,6.38,6.420399015425875,6.420250266609276,0.00014874881659887617
current_no_text_pressure,validation_2,2023-01-29,6.39,6.365810967270939,6.3678128332615955,-0.0020018659906568268
current_no_text_pressure,validation_2,2023-02-05,6.32,6.393180314957058,6.3924374333476806,0.0007428816093774625
current_no_text_pressure,validation_2,2023-02-12,6.1,6.296700884789327,6.302937966566234,-0.006237081776907719
current_no_text_pressure,validation_2,2023-02-19,6.05,6.046314766645606,6.0463764663510196,-6.169970541367072e-05
current_no_text_pressure,validation_2,2023-02-26,6.02,6.037467543049711,6.0378128332615955,-0.0003452902118837194
current_no_text_pressure,validation_2,2023-03-05,6.0,6.015921904446263,6.01253174817388,0.0033901562723828065
current_no_text_pressure,validation_2,2023-03-12,5.97,5.995540426565747,5.995021165449254,0.0005192611164935444
current_no_text_pressure,validation_2,2023-03-19,5.94,5.962417277248459,5.96253174817388,-0.00011447092542126705
current_no_text_pressure,validation_2,2023-03-26,5.86,5.931313054686902,5.932531748173881,-0.001218693486979004
current_no_text_pressure,validation_2,2023-04-02,5.84,5.841581834788422,5.8400846617970155,0.0014971729914070551
current_no_text_pressure,validation_2,2023-04-09,5.83,5.835522706395142,5.835021165449254,0.0005015409458882817
current_no_text_pressure,validation_2,2023-04-16,5.79,5.822438940041898,5.827510582724627,-0.005071642682729322
current_no_text_pressure,validation_2,2023-04-23,5.77,5.774652777896269,5.780042330898508,-0.0053895530022390805
current_no_text_pressure,validation_2,2023-04-30,5.7,5.759692246610496,5.765021165449253,-0.005328918838757246
current_no_text_pressure,validation_2,2023-05-07,5.57,5.6787083390187565,5.682574079072388,-0.0038657400536321017
current_no_text_pressure,validation_2,2023-05-14,5.46,5.53798487691424,5.53763757542015,0.00034730149409014136
current_no_text_pressure,validation_2,2023-05-21,5.24,5.431222612846731,5.432616409970896,-0.0013937971241651595
current_no_text_pressure,validation_2,2023-05-28,5.16,5.180918904835489,5.185232819941792,-0.004313915106302241
current_no_text_pressure,validation_2,2023-06-04,5.13,5.134195481005486,5.138314015359484,-0.004118534353997369
current_no_text_pressure,validation_2,2023-06-11,5.1,5.121822466089721,5.121867755759806,-4.528967008420699e-05
current_no_text_pressure,validation_2,2023-06-18,5.05,5.091754599099409,5.091867755759806,-0.00011315666039726674
current_no_text_pressure,validation_2,2023-06-25,5.04,5.035250303643157,5.0364462595996775,-0.0011959559565204517
current_no_text_pressure,validation_2,2023-07-02,5.02,5.037606739136602,5.037289251919935,0.0003174872166671145
current_no_text_pressure,validation_2,2023-07-09,5.01,5.014299699573716,5.0145785038398705,-0.00027880426615503866
current_no_text_pressure,validation_2,2023-07-16,4.99,5.008022380141543,5.007289251919936,0.0007331282216070034
current_no_text_pressure,validation_2,2023-07-23,4.98,4.983240294887518,4.984578503839871,-0.0013382089523531464
current_no_text_pressure,validation_2,2023-07-30,5.0,4.976750356203725,4.977289251919936,-0.0005388957162107392
current_no_text_pressure,validation_2,2023-08-06,5.08,5.0087721771965015,5.005421496160129,0.003350681036372459
current_no_text_pressure,validation_2,2023-08-13,5.5,5.107154015034437,5.1016859846405165,0.005468030393920588
current_no_text_pressure,validation_3,2023-08-20,6.05,5.61379368236069,5.61385141936271,-5.773700202058293e-05
current_no_text_pressure,validation_3,2023-08-27,6.13,6.199024574824424,6.19909114440355,-6.656957912551866e-05
current_no_text_pressure,validation_3,2023-09-03,6.18,6.1568939360319765,6.1568925419400005,1.3940919761664765e-06
current_no_text_pressure,validation_3,2023-09-10,6.2,6.196823566770177,6.1968078387125,1.5728057676878555e-05
current_no_text_pressure,validation_3,2023-09-17,6.22,6.206720158220517,6.206723135485,-2.977264483117718e-06
current_no_text_pressure,validation_3,2023-09-24,6.22,6.226720171934829,6.226723135485,-2.9635501710373318e-06
current_no_text_pressure,validation_3,2023-10-01,6.22,6.219792273765126,6.22,-0.00020772623487360565
current_no_text_pressure,validation_3,2023-10-08,6.2,6.220160824914082,6.22,0.0001608249140821109
current_no_text_pressure,validation_3,2023-10-15,6.18,6.193189128591232,6.193276864515,-8.77359237678289e-05
current_no_text_pressure,validation_3,2023-10-22,6.25,6.172559508014379,6.173276864515,-0.0007173565006209552
current_no_text_pressure,validation_3,2023-10-29,6.26,6.27480504503386,6.2735309741975005,0.0012740708363596603
current_no_text_pressure,validation_3,2023-11-05,6.24,6.263125279591997,6.2633615677425,-0.0002362881505027874
current_no_text_pressure,validation_3,2023-11-12,6.21,6.2329593372073475,6.233276864515,-0.0003175273076522437
current_no_text_pressure,validation_3,2023-11-19,6.18,6.199485364924802,6.1999152967725,-0.0004299318476979296
current_no_text_pressure,validation_3,2023-11-26,6.16,6.16639852534563,6.1699152967724995,-0.00351677142686976
current_no_text_pressure,validation_3,2023-12-03,6.13,6.1497047997296175,6.153269370198763,-0.0035645704691459348
current_no_text_pressure,validation_3,2023-12-10,6.06,6.11534555470368,6.119904055298145,-0.004558500594465136
current_no_text_pressure,validation_3,2023-12-17,5.98,6.027067053888299,6.03644279569567,-0.00937574180737168
current_no_text_pressure,validation_3,2023-12-24,5.94,5.950144257693584,5.953077480795054,-0.0029332231014699344
current_no_text_pressure,validation_3,2023-12-31,5.97,5.924275540853539,5.926538740397527,-0.002263199543989002
current_no_text_pressure,validation_3,2024-01-07,5.98,5.980610473929899,5.980095944701854,0.0005145292280453657
current_no_text_pressure,validation_3,2024-01-14,5.94,5.983668602360958,5.983365314900619,0.00030328746033899366
current_no_text_pressure,validation_3,2024-01-21,5.91,5.922879754292531,5.926538740397527,-0.003658986104996478
current_no_text_pressure,validation_3,2024-01-28,5.92,5.897847708045959,5.899904055298145,-0.002056347252185804
current_no_text_pressure,validation_3,2024-02-04,5.98,5.922816090569971,5.923365314900618,-0.0005492243306466381
current_no_text_pressure,validation_3,2024-02-11,5.97,6.006158610903324,6.000191889403711,0.005966721499612512
current_no_text_pressure,validation_3,2024-02-18,5.97,5.968514984438121,5.966634685099382,0.0018802993387393055
current_no_text_pressure,validation_3,2024-02-25,5.96,5.973354808545165,5.97,0.0033548085451645913
current_no_text_pressure,validation_3,2024-03-03,5.95,5.9575681276923165,5.956620999996779,0.000947127695537495
current_no_text_pressure,validation_3,2024-03-10,5.92,5.945399735975208,5.946620999996778,-0.0012212640215702529
current_no_text_pressure,validation_3,2024-03-17,5.93,5.906168148881515,5.909862999990335,-0.0036948511088203237
current_no_text_pressure,validation_3,2024-03-24,5.92,5.935340142361532,5.933379000003221,0.001961142358311869
current_no_text_pressure,validation_3,2024-03-31,5.93,5.916456034115626,5.916620999996779,-0.00016496588115265192
current_no_text_pressure,validation_3,2024-04-07,5.93,5.9350192283408445,5.933379000003221,0.0016402283376237216
current_no_text_pressure,validation_3,2024-04-14,5.94,5.932100003704652,5.93,0.0021000037046522194
current_no_text_pressure,validation_3,2024-04-21,5.96,5.946393499183735,5.9433790000032225,0.003014499180511928
current_no_text_pressure,validation_3,2024-04-28,5.96,5.970602337724087,5.966758000006443,0.0038443377176441466
current_no_text_pressure,validation_3,2024-05-05,5.96,5.965090582158299,5.96,0.005090582158298981
current_no_text_pressure,validation_3,2024-05-12,5.95,5.964121061543025,5.96,0.004121061543025118
current_no_text_pressure,validation_3,2024-05-19,5.93,5.95053511111965,5.946620999996779,0.003914111122870527
current_no_text_pressure,validation_3,2024-05-26,5.93,5.925652733132692,5.923241999993556,0.002410733139135353
current_no_text_pressure,validation_3,2024-06-02,5.92,5.933490368818911,5.93,0.0034903688189118222
current_no_text_pressure,validation_3,2024-06-09,5.92,5.919771891995862,5.916622807389878,0.003149084605984487
current_no_text_pressure,validation_3,2024-06-16,5.94,5.923523724431024,5.92,0.0035237244310240413
current_no_text_pressure,validation_3,2024-06-23,5.94,5.951276481085018,5.9467543852202445,0.004522095864773235
current_no_text_pressure,validation_3,2024-06-30,5.96,5.944766901008137,5.94,0.00476690100813627
current_no_text_pressure,validation_3,2024-07-07,6.01,5.971222600674497,5.966754385220243,0.004468215454254013
current_no_text_pressure,validation_3,2024-07-14,6.04,6.031304612089537,6.026885963050608,0.0044186490389287285
current_no_text_pressure,validation_3,2024-07-21,6.03,6.053817624877144,6.050131577830365,0.0036860470467791917
current_no_text_pressure,validation_3,2024-07-28,6.03,6.029617668367956,6.026622807389878,0.002994860978077458
current_no_text_pressure,validation_3,2024-08-04,6.03,6.033065294070939,6.03,0.0030652940709386487
current_no_text_pressure,validation_3,2024-08-11,6.02,6.031673839323579,6.03,0.001673839323578929
pressure_domain_7d,validation_1,2021-08-22,4.67,4.678169593390752,4.678154935850218,1.465754053417161e-05
pressure_domain_7d,validation_1,2021-08-29,4.691,4.668700139298279,4.668721558199933,-2.1418901653963885e-05
pressure_domain_7d,validation_1,2021-09-05,4.746,4.697806987001167,4.69774514732812,6.183967304681525e-05
pressure_domain_7d,validation_1,2021-09-12,4.762,4.763665867003057,4.763665862049838,4.953218794844771e-09
pressure_domain_7d,validation_1,2021-09-19,4.77,4.767122219700838,4.767139159869044,-1.6940168205773597e-05
pressure_domain_7d,validation_1,2021-09-26,4.83,4.772570089443011,4.772569579934522,5.095084895490809e-07
pressure_domain_7d,validation_1,2021-10-03,5.014,4.849383004880345,4.849271849508915,0.00011115537142993076
pressure_domain_7d,validation_1,2021-10-10,5.033,5.073101422444544,5.073100338494004,1.0839505402460824e-06
pressure_domain_7d,validation_1,2021-10-17,5.048,5.039102530294231,5.03910275234449,-2.2205025791748823e-07
pressure_domain_7d,validation_1,2021-10-24,5.29,5.052861606899804,5.052817962377229,4.3644522575133046e-05
pressure_domain_7d,validation_1,2021-10-31,5.425,5.367725115077921,5.367729793019287,-4.677941366664153e-06
pressure_domain_7d,validation_1,2021-11-07,5.45,5.4683552344852595,5.468361661395057,-6.42690979681795e-06
pressure_domain_7d,validation_1,2021-11-14,5.448,5.45803154922497,5.458029937295381,1.6119295889970018e-06
pressure_domain_7d,validation_1,2021-11-21,5.447,5.4473572573167734,5.447357605016371,-3.4769959747938856e-07
pressure_domain_7d,validation_1,2021-11-28,5.446,5.446464548561613,5.446678802508185,-0.00021425394657189294
pressure_domain_7d,validation_1,2021-12-05,5.435,5.445651889404636,5.445651714774009,1.7463062765210636e-07
pressure_domain_7d,validation_1,2021-12-12,5.419,5.431201881571597,5.431168862514095,3.3019057501294453e-05
pressure_domain_7d,validation_1,2021-12-19,5.413,5.413427470840501,5.41342743638414,3.445636096077642e-08
pressure_domain_7d,validation_1,2021-12-26,5.41,5.410909262848305,5.410910288644053,-1.0257957477784893e-06
pressure_domain_7d,validation_1,2022-01-02,5.426,5.408954675408497,5.408955144322026,-4.6891352958382384e-07
pressure_domain_7d,validation_1,2022-01-09,5.492,5.431573434718992,5.431572563615861,8.711031311838286e-07
pressure_domain_7d,validation_1,2022-01-16,5.638,5.5149867783233395,5.5149868249154235,-4.6592083884515546e-08
pressure_domain_7d,validation_1,2022-01-23,5.646,5.688870460007378,5.6888496429947235,2.081701265390556e-05
pressure_domain_7d,validation_1,2022-01-30,5.646,5.648778783934717,5.64878628180793,-7.497873212730089e-06
pressure_domain_7d,validation_1,2022-02-06,5.653,5.646376561791907,5.646,0.0003765617919071427
pressure_domain_7d,validation_1,2022-02-13,5.653,5.655466985916974,5.655437996581938,2.8989335036343788e-05
pressure_domain_7d,validation_1,2022-02-20,5.651,5.65307525987299,5.653,7.525987299022101e-05
pressure_domain_7d,validation_1,2022-02-27,5.668,5.650318583847011,5.650303429548018,1.5154298993369698e-05
pressure_domain_7d,validation_1,2022-03-06,5.912,5.673990669891325,5.673988376911076,2.2929802495823188e-06
pressure_domain_7d,validation_1,2022-03-13,6.751,5.997932595385686,5.997950821547212,-1.8226161525512866e-05
pressure_domain_7d,validation_1,2022-03-20,6.674,7.046543988170049,7.0465440134348825,-2.5264833368953782e-08
pressure_domain_7d,validation_1,2022-03-27,6.73,6.6468761626505355,6.6468761751674785,-1.2516943231487668e-08
pressure_domain_7d,validation_1,2022-04-03,6.73,6.749727714860343,6.749726418060017,1.2968003265246068e-06
pressure_domain_7d,validation_1,2022-04-10,6.722,6.729999999469158,6.73,-5.308424063729936e-10
pressure_domain_7d,validation_1,2022-04-17,6.733,6.719181940261784,6.719181940277141,-1.535792846780962e-11
pressure_domain_7d,validation_1,2022-04-24,6.741,6.736775093846981,6.736874832118931,-9.973827195052624e-05
pressure_domain_7d,validation_1,2022-05-01,6.775,6.743796172032495,6.743818059722859,-2.1887690364235433e-05
pressure_domain_7d,validation_1,2022-05-08,6.97,6.786981139585501,6.786976753822153,4.385763347711062e-06
pressure_domain_7d,validation_1,2022-05-15,7.07,7.03869016506456,7.038690205744698,-4.0680137624046784e-08
pressure_domain_7d,validation_1,2022-05-22,7.05,7.10540201492977,7.105225746535743,0.00017626839402717532
pressure_domain_7d,validation_1,2022-05-29,7.01,7.042958890624089,7.042954850692851,4.039931237645016e-06
pressure_domain_7d,validation_1,2022-06-05,7.01,6.999140959640885,6.999141035037236,-7.53963517441661e-08
pressure_domain_7d,validation_1,2022-06-12,7.03,7.01000246786021,7.01,2.467860210664666e-06
pressure_domain_7d,validation_1,2022-06-19,7.68,7.0354322918830485,7.035429482481383,2.809401666399965e-06
pressure_domain_7d,validation_1,2022-06-26,7.67,7.856458180644914,7.856458180644914,-9.920046892795613e-20
pressure_domain_7d,validation_1,2022-07-03,7.63,7.66728525543671,7.667285258759309,-3.3225986573749604e-09
pressure_domain_7d,validation_1,2022-07-10,7.58,7.619141035094806,7.619141035037236,5.7569644814333873e-11
pressure_domain_7d,validation_1,2022-07-17,7.55,7.56642629379166,7.566426293796545,-4.8849670562240186e-12
pressure_domain_7d,validation_1,2022-07-24,7.51,7.541855793169389,7.541855776277926,1.6891462485251968e-08
pressure_domain_7d,validation_1,2022-07-31,7.47,7.498813857047234,7.499141035037236,-0.00032717799000189915
pressure_domain_7d,validation_1,2022-08-07,7.31,7.459140013118622,7.459141035037236,-1.0219186138064692e-06
pressure_domain_7d,validation_1,2022-08-14,7.13,7.2665641401053005,7.266564140148944,-4.3643353098294584e-11
pressure_domain_7d,validation_2,2022-08-21,7.01,7.081134624918829,7.081134657667562,-3.2748732536406535e-08
pressure_domain_7d,validation_2,2022-08-28,6.99,6.97723970051095,6.977423105111708,-0.00018340460075819167
pressure_domain_7d,validation_2,2022-09-04,6.96,6.985194993589694,6.985202840027735,-7.84643804090697e-06
pressure_domain_7d,validation_2,2022-09-11,6.94,6.952271719060912,6.952804260041602,-0.0005325409806901995
pressure_domain_7d,validation_2,2022-09-18,6.82,6.935202709379897,6.935202840027735,-1.3064783727077627e-07
pressure_domain_7d,validation_2,2022-09-25,6.73,6.789137657204776,6.791217040166408,-0.0020793829616310854
pressure_domain_7d,validation_2,2022-10-02,6.66,6.707235430489205,6.708412780124806,-0.0011773496356002797
pressure_domain_7d,validation_2,2022-10-09,6.65,6.643209897912095,6.643209940097071,-4.2184976841188475e-08
pressure_domain_7d,validation_2,2022-10-16,6.72,6.647602520983727,6.647601420013868,1.1009698590444228e-06
pressure_domain_7d,validation_2,2022-10-23,6.68,6.736790245121589,6.736790059902929,1.8521865979573946e-07
pressure_domain_7d,validation_2,2022-10-30,6.71,6.669349003631385,6.6704056800554685,-0.0010566764240828753
pressure_domain_7d,validation_2,2022-11-06,6.71,6.717195549206129,6.717195739958398,-1.9075226881408327e-07
pressure_domain_7d,validation_2,2022-11-13,6.69,6.709987979728099,6.71,-1.2020271901274032e-05
pressure_domain_7d,validation_2,2022-11-20,6.68,6.686019206495427,6.685202840027735,0.0008163664676919003
pressure_domain_7d,validation_2,2022-11-27,6.67,6.677271020339814,6.6776014200138665,-0.00033039967405320425
pressure_domain_7d,validation_2,2022-12-04,6.63,6.667564013585319,6.667562566652319,1.4469330000698516e-06
pressure_domain_7d,validation_2,2022-12-11,6.48,6.620013073639711,6.620250266609276,-0.0002371929695646747
pressure_domain_7d,validation_2,2022-12-18,6.42,6.4433998836267,6.443438499784787,-3.8616158087016375e-05
pressure_domain_7d,validation_2,2022-12-25,6.38,6.405105493483368,6.405375399913915,-0.0002699064305466444
pressure_domain_7d,validation_2,2023-01-01,6.51,6.369206091428719,6.370250266609276,-0.0010441751805572524
pressure_domain_7d,validation_2,2023-01-08,6.47,6.541776144481769,6.541686633519851,8.951096191841946e-05
pressure_domain_7d,validation_2,2023-01-15,6.43,6.460143921067895,6.460250266609276,-0.00010634554138064115
pressure_domain_7d,validation_2,2023-01-22,6.38,6.421413901910728,6.420250266609276,0.0011636353014512683
pressure_domain_7d,validation_2,2023-01-29,6.39,6.3670993102765605,6.3678128332615955,-0.0007135229850350171
pressure_domain_7d,validation_2,2023-02-05,6.32,6.392027595159616,6.3924374333476806,-0.0004098381880639066
pressure_domain_7d,validation_2,2023-02-12,6.1,6.304172035844075,6.302937966566234,0.0012340692778405144
pressure_domain_7d,validation_2,2023-02-19,6.05,6.046299954144274,6.0463764663510196,-7.651220674503541e-05
pressure_domain_7d,validation_2,2023-02-26,6.02,6.037957584982944,6.0378128332615955,0.00014475172134891263
pressure_domain_7d,validation_2,2023-03-05,6.0,6.012497023626065,6.01253174817388,-3.472454781496028e-05
pressure_domain_7d,validation_2,2023-03-12,5.97,5.995319819453662,5.995021165449254,0.0002986540044075871
pressure_domain_7d,validation_2,2023-03-19,5.94,5.962271110810792,5.96253174817388,-0.00026063736308823133
pressure_domain_7d,validation_2,2023-03-26,5.86,5.931732430501652,5.932531748173881,-0.0007993176722288148
pressure_domain_7d,validation_2,2023-04-02,5.84,5.839873571849405,5.8400846617970155,-0.00021108994761033988
pressure_domain_7d,validation_2,2023-04-09,5.83,5.835196324800745,5.835021165449254,0.00017515935149130246
pressure_domain_7d,validation_2,2023-04-16,5.79,5.826457824701648,5.827510582724627,-0.0010527580229790759
pressure_domain_7d,validation_2,2023-04-23,5.77,5.7796344377285385,5.780042330898508,-0.0004078931699694641
pressure_domain_7d,validation_2,2023-04-30,5.7,5.763749873151529,5.765021165449253,-0.0012712922977250434
pressure_domain_7d,validation_2,2023-05-07,5.57,5.68142457706354,5.682574079072388,-0.0011495020088485592
pressure_domain_7d,validation_2,2023-05-14,5.46,5.536917376824587,5.53763757542015,-0.0007201985955621411
pressure_domain_7d,validation_2,2023-05-21,5.24,5.431713224972987,5.432616409970896,-0.000903184997908641
pressure_domain_7d,validation_2,2023-05-28,5.16,5.180861027871258,5.185232819941792,-0.0043717920705331256
pressure_domain_7d,validation_2,2023-06-04,5.13,5.134434072948219,5.138314015359484,-0.0038799424112648754
pressure_domain_7d,validation_2,2023-06-11,5.1,5.121255038493499,5.121867755759806,-0.0006127172663066323
pressure_domain_7d,validation_2,2023-06-18,5.05,5.091708349929597,5.091867755759806,-0.000159405830209524
pressure_domain_7d,validation_2,2023-06-25,5.04,5.035851385066148,5.0364462595996775,-0.0005948745335298022
pressure_domain_7d,validation_2,2023-07-02,5.02,5.03721106034366,5.037289251919935,-7.819157627492785e-05
pressure_domain_7d,validation_2,2023-07-09,5.01,5.0145372505755805,5.0145785038398705,-4.1253264289644544e-05
pressure_domain_7d,validation_2,2023-07-16,4.99,5.0067452882043,5.007289251919936,-0.0005439637156356225
pressure_domain_7d,validation_2,2023-07-23,4.98,4.98402867351107,4.984578503839871,-0.0005498303288006216
pressure_domain_7d,validation_2,2023-07-30,5.0,4.976313425698802,4.977289251919936,-0.0009758262211347732
pressure_domain_7d,validation_2,2023-08-06,5.08,5.0053982362553695,5.005421496160129,-2.3259904759439896e-05
pressure_domain_7d,validation_2,2023-08-13,5.5,5.102588810721825,5.1016859846405165,0.0009028260813079008
pressure_domain_7d,validation_3,2023-08-20,6.05,5.613846384609141,5.61385141936271,-5.034753569234614e-06
pressure_domain_7d,validation_3,2023-08-27,6.13,6.19909117204848,6.19909114440355,2.7644929917137038e-08
pressure_domain_7d,validation_3,2023-09-03,6.18,6.1568956512666535,6.1568925419400005,3.109326653180822e-06
pressure_domain_7d,validation_3,2023-09-10,6.2,6.196815875395122,6.1968078387125,8.03668262160538e-06
pressure_domain_7d,validation_3,2023-09-17,6.22,6.206731725725216,6.206723135485,8.590240215986531e-06
pressure_domain_7d,validation_3,2023-09-24,6.22,6.226723154709301,6.226723135485,1.9224301023086582e-08
pressure_domain_7d,validation_3,2023-10-01,6.22,6.219999787107295,6.22,-2.128927045847359e-07
pressure_domain_7d,validation_3,2023-10-08,6.2,6.220000006354329,6.22,6.354329198270714e-09
pressure_domain_7d,validation_3,2023-10-15,6.18,6.193276851689562,6.193276864515,-1.2825437518947829e-08
pressure_domain_7d,validation_3,2023-10-22,6.25,6.17323113572219,6.173276864515,-4.572879280926428e-05
pressure_domain_7d,validation_3,2023-10-29,6.26,6.2735596511722935,6.2735309741975005,2.8676974793276837e-05
pressure_domain_7d,validation_3,2023-11-05,6.24,6.263352598230642,6.2633615677425,-8.969511857976318e-06
pressure_domain_7d,validation_3,2023-11-12,6.21,6.234441461888925,6.233276864515,0.001164597373924311
pressure_domain_7d,validation_3,2023-11-19,6.18,6.198864836693618,6.1999152967725,-0.001050460078882152
pressure_domain_7d,validation_3,2023-11-26,6.16,6.168676078156403,6.1699152967724995,-0.0012392186160964053
pressure_domain_7d,validation_3,2023-12-03,6.13,6.152779718402231,6.153269370198763,-0.000489651796532382
pressure_domain_7d,validation_3,2023-12-10,6.06,6.119695012912535,6.119904055298145,-0.00020904238560998545
pressure_domain_7d,validation_3,2023-12-17,5.98,6.034166064547829,6.03644279569567,-0.002276731147840722
pressure_domain_7d,validation_3,2023-12-24,5.94,5.951114391108042,5.953077480795054,-0.001963089687011345
pressure_domain_7d,validation_3,2023-12-31,5.97,5.925242233478677,5.926538740397527,-0.0012965069188499393
pressure_domain_7d,validation_3,2024-01-07,5.98,5.9795908199169725,5.980095944701854,-0.0005051247848811513
pressure_domain_7d,validation_3,2024-01-14,5.94,5.983734504949458,5.983365314900619,0.00036919004883906043
pressure_domain_7d,validation_3,2024-01-21,5.91,5.926174826425075,5.926538740397527,-0.00036391397245252123
pressure_domain_7d,validation_3,2024-01-28,5.92,5.900113716074148,5.899904055298145,0.0002096607760030636
pressure_domain_7d,validation_3,2024-02-04,5.98,5.922499433979013,5.923365314900618,-0.0008658809216050688
pressure_domain_7d,validation_3,2024-02-11,5.97,6.001713881650521,6.000191889403711,0.0015219922468100255
pressure_domain_7d,validation_3,2024-02-18,5.97,5.966039768247807,5.966634685099382,-0.000594916851574436
pressure_domain_7d,validation_3,2024-02-25,5.96,5.970648410284541,5.97,0.000648410284541491
pressure_domain_7d,validation_3,2024-03-03,5.95,5.956444093496774,5.956620999996779,-0.0001769065000044693
pressure_domain_7d,validation_3,2024-03-10,5.92,5.946870376209858,5.946620999996778,0.00024937621307928484
pressure_domain_7d,validation_3,2024-03-17,5.93,5.908826279934731,5.909862999990335,-0.0010367200556041858
pressure_domain_7d,validation_3,2024-03-24,5.92,5.933232963898467,5.933379000003221,-0.00014603610475408393
pressure_domain_7d,validation_3,2024-03-31,5.93,5.916048747775599,5.916620999996779,-0.0005722522211800297
pressure_domain_7d,validation_3,2024-04-07,5.93,5.933580977375742,5.933379000003221,0.0002019773725216355
pressure_domain_7d,validation_3,2024-04-14,5.94,5.929971469491651,5.93,-2.853050834880611e-05
pressure_domain_7d,validation_3,2024-04-21,5.96,5.941803176783225,5.9433790000032225,-0.0015758232199974249
pressure_domain_7d,validation_3,2024-04-28,5.96,5.966768848659816,5.966758000006443,1.0848653373278538e-05
pressure_domain_7d,validation_3,2024-05-05,5.96,5.960557420508276,5.96,0.0005574205082761934
pressure_domain_7d,validation_3,2024-05-12,5.95,5.959937508586065,5.96,-6.249141393533613e-05
pressure_domain_7d,validation_3,2024-05-19,5.93,5.946467515107068,5.946620999996779,-0.00015348488971080954
pressure_domain_7d,validation_3,2024-05-26,5.93,5.924037389416875,5.923241999993556,0.0007953894233189294
pressure_domain_7d,validation_3,2024-06-02,5.92,5.930113498050007,5.93,0.00011349805000727362
pressure_domain_7d,validation_3,2024-06-09,5.92,5.9164078424243645,5.916622807389878,-0.00021496496551330564
pressure_domain_7d,validation_3,2024-06-16,5.94,5.919745715967304,5.92,-0.00025428403269611396
pressure_domain_7d,validation_3,2024-06-23,5.94,5.947151287857001,5.9467543852202445,0.00039690263675681863
pressure_domain_7d,validation_3,2024-06-30,5.96,5.940137771322565,5.94,0.00013777132256475528
pressure_domain_7d,validation_3,2024-07-07,6.01,5.966643400196504,5.966754385220243,-0.00011098502373952801
pressure_domain_7d,validation_3,2024-07-14,6.04,6.028692764036383,6.026885963050608,0.001806800985775228
pressure_domain_7d,validation_3,2024-07-21,6.03,6.050589078869517,6.050131577830365,0.0004575010391515424
pressure_domain_7d,validation_3,2024-07-28,6.03,6.026061100030483,6.026622807389878,-0.0005617073593956932
pressure_domain_7d,validation_3,2024-08-04,6.03,6.029190860692945,6.03,-0.000809139307054823
pressure_domain_7d,validation_3,2024-08-11,6.02,6.0292611785967525,6.03,-0.0007388214032473976
pressure_domain_28d,validation_1,2021-08-22,4.67,4.678166328000339,4.678154935850218,1.1392150121011871e-05
pressure_domain_28d,validation_1,2021-08-29,4.691,4.668959994636607,4.668721558199933,0.00023843643667417001
pressure_domain_28d,validation_1,2021-09-05,4.746,4.6977515609736145,4.69774514732812,6.413645495055608e-06
pressure_domain_28d,validation_1,2021-09-12,4.762,4.7643635165264655,4.763665862049838,0.0006976544766275613
pressure_domain_28d,validation_1,2021-09-19,4.77,4.767315672760627,4.767139159869044,0.0001765128915835927
pressure_domain_28d,validation_1,2021-09-26,4.83,4.772592668103724,4.772569579934522,2.3088169201910885e-05
pressure_domain_28d,validation_1,2021-10-03,5.014,4.849548570702791,4.849271849508915,0.00027672119387648736
pressure_domain_28d,validation_1,2021-10-10,5.033,5.0731012784236125,5.073100338494004,9.399296090592529e-07
pressure_domain_28d,validation_1,2021-10-17,5.048,5.038940140150068,5.03910275234449,-0.00016261219442141852
pressure_domain_28d,validation_1,2021-10-24,5.29,5.0528836716982095,5.052817962377229,6.570932098121675e-05
pressure_domain_28d,validation_1,2021-10-31,5.425,5.367679870329259,5.367729793019287,-4.992269002840437e-05
pressure_domain_28d,validation_1,2021-11-07,5.45,5.468706784582001,5.468361661395057,0.0003451231869444492
pressure_domain_28d,validation_1,2021-11-14,5.448,5.458060789374925,5.458029937295381,3.085207954416012e-05
pressure_domain_28d,validation_1,2021-11-21,5.447,5.447357371006314,5.447357605016371,-2.3401005686467808e-07
pressure_domain_28d,validation_1,2021-11-28,5.446,5.446595516411043,5.446678802508185,-8.328609714133794e-05
pressure_domain_28d,validation_1,2021-12-05,5.435,5.445491448110542,5.445651714774009,-0.00016026666346641855
pressure_domain_28d,validation_1,2021-12-12,5.419,5.431171881980267,5.431168862514095,3.019466171292302e-06
pressure_domain_28d,validation_1,2021-12-19,5.413,5.4134058643942655,5.41342743638414,-2.1571989874161877e-05
pressure_domain_28d,validation_1,2021-12-26,5.41,5.41180087687823,5.410910288644053,0.0008905882341774208
pressure_domain_28d,validation_1,2022-01-02,5.426,5.410161207975862,5.408955144322026,0.0012060636538359852
pressure_domain_28d,validation_1,2022-01-09,5.492,5.431588192941762,5.431572563615861,1.5629325901109087e-05
pressure_domain_28d,validation_1,2022-01-16,5.638,5.515406928972029,5.5149868249154235,0.0004201040566051466
pressure_domain_28d,validation_1,2022-01-23,5.646,5.688704627619029,5.6888496429947235,-0.00014501537569432108
pressure_domain_28d,validation_1,2022-01-30,5.646,5.648798049984421,5.64878628180793,1.1768176491177785e-05
pressure_domain_28d,validation_1,2022-02-06,5.653,5.646003384856156,5.646,3.3848561560185667e-06
pressure_domain_28d,validation_1,2022-02-13,5.653,5.655516091972541,5.655437996581938,7.80953906029852e-05
pressure_domain_28d,validation_1,2022-02-20,5.651,5.653215038566388,5.653,0.00021503856638792142
pressure_domain_28d,validation_1,2022-02-27,5.668,5.650326124749291,5.650303429548018,2.2695201272534337e-05
pressure_domain_28d,validation_1,2022-03-06,5.912,5.6746579845569975,5.673988376911076,0.0006696076459210795
pressure_domain_28d,validation_1,2022-03-13,6.751,5.997883572263706,5.997950821547212,-6.724928350652577e-05
pressure_domain_28d,validation_1,2022-03-20,6.674,7.04654301217395,7.0465440134348825,-1.0012609332439268e-06
pressure_domain_28d,validation_1,2022-03-27,6.73,6.6468761751674785,6.6468761751674785,-4.4561296649354856e-26
pressure_domain_28d,validation_1,2022-04-03,6.73,6.749726418060015,6.749726418060017,-1.8045432786947106e-15
pressure_domain_28d,validation_1,2022-04-10,6.722,6.729999998815992,6.73,-1.1840085936638233e-09
pressure_domain_28d,validation_1,2022-04-17,6.733,6.719172766672359,6.719181940277141,-9.173604782453789e-06
pressure_domain_28d,validation_1,2022-04-24,6.741,6.736875097820891,6.736874832118931,2.6570195981873343e-07
pressure_domain_28d,validation_1,2022-05-01,6.775,6.743754825724907,6.743818059722859,-6.323399795125253e-05
pressure_domain_28d,validation_1,2022-05-08,6.97,6.78698467085855,6.786976753822153,7.917036397363599e-06
pressure_domain_28d,validation_1,2022-05-15,7.07,7.038690856362266,7.038690205744698,6.506175684787266e-07
pressure_domain_28d,validation_1,2022-05-22,7.05,7.105393660016555,7.105225746535743,0.000167913480810882
pressure_domain_28d,validation_1,2022-05-29,7.01,7.042954847985762,7.042954850692851,-2.707088810685201e-09
pressure_domain_28d,validation_1,2022-06-05,7.01,6.999074885436669,6.999141035037236,-6.61496005671942e-05
pressure_domain_28d,validation_1,2022-06-12,7.03,7.010060157184156,7.01,6.0157184155624323e-05
pressure_domain_28d,validation_1,2022-06-19,7.68,7.036197891386095,7.035429482481383,0.0007684089047123529
pressure_domain_28d,validation_1,2022-06-26,7.67,7.849946215837831,7.856458180644914,-0.006511964807083133
pressure_domain_28d,validation_1,2022-07-03,7.63,7.667285258759309,7.667285258759309,-3.722586343015789e-18
pressure_domain_28d,validation_1,2022-07-10,7.58,7.619141031491889,7.619141035037236,-3.545346773741779e-09
pressure_domain_28d,validation_1,2022-07-17,7.55,7.566417973527863,7.566426293796545,-8.320268682434096e-06
pressure_domain_28d,validation_1,2022-07-24,7.51,7.541849582732546,7.541855776277926,-6.193545380164292e-06
pressure_domain_28d,validation_1,2022-07-31,7.47,7.499141030714809,7.499141035037236,-4.322426822745987e-09
pressure_domain_28d,validation_1,2022-08-07,7.31,7.459072090078795,7.459141035037236,-6.894495844095621e-05
pressure_domain_28d,validation_1,2022-08-14,7.13,7.2665592958256315,7.266564140148944,-4.844323312131055e-06
pressure_domain_28d,validation_2,2022-08-21,7.01,7.081127136240508,7.081134657667562,-7.5214270540237895e-06
pressure_domain_28d,validation_2,2022-08-28,6.99,6.975788992723918,6.977423105111708,-0.001634112387789518
pressure_domain_28d,validation_2,2022-09-04,6.96,6.986102443279241,6.985202840027735,0.0008996032515060946
pressure_domain_28d,validation_2,2022-09-11,6.94,6.951976987965994,6.952804260041602,-0.0008272720756081695
pressure_domain_28d,validation_2,2022-09-18,6.82,6.93520281024775,6.935202840027735,-2.9779984982199524e-08
pressure_domain_28d,validation_2,2022-09-25,6.73,6.7912170422764335,6.791217040166408,2.110025620281529e-09
pressure_domain_28d,validation_2,2022-10-02,6.66,6.708412779811464,6.708412780124806,-3.133416260244825e-10
pressure_domain_28d,validation_2,2022-10-09,6.65,6.643209929882064,6.643209940097071,-1.0215006624343985e-08
pressure_domain_28d,validation_2,2022-10-16,6.72,6.647601432786166,6.647601420013868,1.2772297603220428e-08
pressure_domain_28d,validation_2,2022-10-23,6.68,6.736794626020313,6.736790059902929,4.566117384111092e-06
pressure_domain_28d,validation_2,2022-10-30,6.71,6.670401020372952,6.6704056800554685,-4.6596825164234234e-06
pressure_domain_28d,validation_2,2022-11-06,6.71,6.716991837702523,6.717195739958398,-0.0002039022558754226
pressure_domain_28d,validation_2,2022-11-13,6.69,6.710074189932757,6.71,7.418993275753849e-05
pressure_domain_28d,validation_2,2022-11-20,6.68,6.685202788779847,6.685202840027735,-5.1247887592328436e-08
pressure_domain_28d,validation_2,2022-11-27,6.67,6.677446199447653,6.6776014200138665,-0.00015522056621393394
pressure_domain_28d,validation_2,2022-12-04,6.63,6.66756213883355,6.667562566652319,-4.278187687113472e-07
pressure_domain_28d,validation_2,2022-12-11,6.48,6.620229845864112,6.620250266609276,-2.042074516395345e-05
pressure_domain_28d,validation_2,2022-12-18,6.42,6.442690601542055,6.443438499784787,-0.0007478982427321958
pressure_domain_28d,validation_2,2022-12-25,6.38,6.405081144633691,6.405375399913915,-0.0002942552802235645
pressure_domain_28d,validation_2,2023-01-01,6.51,6.369474221351158,6.370250266609276,-0.0007760452581178669
pressure_domain_28d,validation_2,2023-01-08,6.47,6.541459288070718,6.541686633519851,-0.00022734544913297707
pressure_domain_28d,validation_2,2023-01-15,6.43,6.459777160319107,6.460250266609276,-0.00047310629016883253
pressure_domain_28d,validation_2,2023-01-22,6.38,6.420177229024364,6.420250266609276,-7.303758491274342e-05
pressure_domain_28d,validation_2,2023-01-29,6.39,6.36711545211111,6.3678128332615955,-0.0006973811504848587
pressure_domain_28d,validation_2,2023-02-05,6.32,6.3924366085728535,6.3924374333476806,-8.247748273207346e-07
pressure_domain_28d,validation_2,2023-02-12,6.1,6.3029378888066425,6.302937966566234,-7.77595917884917e-08
pressure_domain_28d,validation_2,2023-02-19,6.05,6.046192560221351,6.0463764663510196,-0.00018390612966911375
pressure_domain_28d,validation_2,2023-02-26,6.02,6.037581131456524,6.0378128332615955,-0.00023170180507114946
pressure_domain_28d,validation_2,2023-03-05,6.0,6.012119179934814,6.01253174817388,-0.00041256823906658655
pressure_domain_28d,validation_2,2023-03-12,5.97,5.994169631070573,5.995021165449254,-0.0008515343786809134
pressure_domain_28d,validation_2,2023-03-19,5.94,5.962189427442436,5.96253174817388,-0.00034232073144451077
pressure_domain_28d,validation_2,2023-03-26,5.86,5.930426338396792,5.932531748173881,-0.002105409777089104
pressure_domain_28d,validation_2,2023-04-02,5.84,5.838644499669842,5.8400846617970155,-0.0014401621271737794
pressure_domain_28d,validation_2,2023-04-09,5.83,5.833595382310994,5.835021165449254,-0.001425783138259424
pressure_domain_28d,validation_2,2023-04-16,5.79,5.826604862152135,5.827510582724627,-0.0009057205724921446
pressure_domain_28d,validation_2,2023-04-23,5.77,5.779222613843521,5.780042330898508,-0.0008197170549870274
pressure_domain_28d,validation_2,2023-04-30,5.7,5.763208352745539,5.765021165449253,-0.0018128127037138494
pressure_domain_28d,validation_2,2023-05-07,5.57,5.680899669402888,5.682574079072388,-0.0016744096695005522
pressure_domain_28d,validation_2,2023-05-14,5.46,5.536763248240091,5.53763757542015,-0.0008743271800588434
pressure_domain_28d,validation_2,2023-05-21,5.24,5.430244309337196,5.432616409970896,-0.002372100633700281
pressure_domain_28d,validation_2,2023-05-28,5.16,5.183211265560999,5.185232819941792,-0.0020215543807927494
pressure_domain_28d,validation_2,2023-06-04,5.13,5.136232534318979,5.138314015359484,-0.0020814810405051566
pressure_domain_28d,validation_2,2023-06-11,5.1,5.120556493491081,5.121867755759806,-0.00131126226872479
pressure_domain_28d,validation_2,2023-06-18,5.05,5.0898631530215495,5.091867755759806,-0.002004602738256956
pressure_domain_28d,validation_2,2023-06-25,5.04,5.0357876473521515,5.0364462595996775,-0.0006586122475263044
pressure_domain_28d,validation_2,2023-07-02,5.02,5.0371936964020625,5.037289251919935,-9.555551787268505e-05
pressure_domain_28d,validation_2,2023-07-09,5.01,5.013199876927167,5.0145785038398705,-0.0013786269127037676
pressure_domain_28d,validation_2,2023-07-16,4.99,5.00685189882644,5.007289251919936,-0.00043735309349554434
pressure_domain_28d,validation_2,2023-07-23,4.98,4.984506935814958,4.984578503839871,-7.156802491359796e-05
pressure_domain_28d,validation_2,2023-07-30,5.0,4.976874351110542,4.977289251919936,-0.0004149008093942916
pressure_domain_28d,validation_2,2023-08-06,5.08,5.005654221223884,5.005421496160129,0.0002327250637549881
pressure_domain_28d,validation_2,2023-08-13,5.5,5.102725259344863,5.1016859846405165,0.0010392747043470683
pressure_domain_28d,validation_3,2023-08-20,6.05,5.613851425904375,5.61385141936271,6.541665187785892e-09
pressure_domain_28d,validation_3,2023-08-27,6.13,6.199091161628559,6.19909114440355,1.722500918235148e-08
pressure_domain_28d,validation_3,2023-09-03,6.18,6.156887535856652,6.1568925419400005,-5.0060833487458485e-06
pressure_domain_28d,validation_3,2023-09-10,6.2,6.196821259572904,6.1968078387125,1.3420860403919409e-05
pressure_domain_28d,validation_3,2023-09-17,6.22,6.206732155124054,6.206723135485,9.01963905372872e-06
pressure_domain_28d,validation_3,2023-09-24,6.22,6.2267232011025575,6.226723135485,6.561755731458615e-08
pressure_domain_28d,validation_3,2023-10-01,6.22,6.220000000020003,6.22,2.000363369167144e-11
pressure_domain_28d,validation_3,2023-10-08,6.2,6.220000000024251,6.22,2.425098866105511e-11
pressure_domain_28d,validation_3,2023-10-15,6.18,6.193276670266836,6.193276864515,-1.9424816464619523e-07
pressure_domain_28d,validation_3,2023-10-22,6.25,6.173218421042115,6.173276864515,-5.844347288448571e-05
pressure_domain_28d,validation_3,2023-10-29,6.26,6.273561139067078,6.2735309741975005,3.016486957771961e-05
pressure_domain_28d,validation_3,2023-11-05,6.24,6.26335933196698,6.2633615677425,-2.235775520186129e-06
pressure_domain_28d,validation_3,2023-11-12,6.21,6.2343785389196915,6.233276864515,0.0011016744046915944
pressure_domain_28d,validation_3,2023-11-19,6.18,6.199723548425241,6.1999152967725,-0.00019174834725921395
pressure_domain_28d,validation_3,2023-11-26,6.16,6.168796532867277,6.1699152967724995,-0.0011187639052228525
pressure_domain_28d,validation_3,2023-12-03,6.13,6.153288474657419,6.153269370198763,1.91044586558984e-05
pressure_domain_28d,validation_3,2023-12-10,6.06,6.119235214317159,6.119904055298145,-0.0006688409809857733
pressure_domain_28d,validation_3,2023-12-17,5.98,6.033646829656967,6.03644279569567,-0.0027959660387031253
pressure_domain_28d,validation_3,2023-12-24,5.94,5.95011677950445,5.953077480795054,-0.0029607012906041692
pressure_domain_28d,validation_3,2023-12-31,5.97,5.924414873638921,5.926538740397527,-0.0021238667586067094
pressure_domain_28d,validation_3,2024-01-07,5.98,5.979809905970286,5.980095944701854,-0.0002860387315682412
pressure_domain_28d,validation_3,2024-01-14,5.94,5.984226872928827,5.983365314900619,0.0008615580282073966
pressure_domain_28d,validation_3,2024-01-21,5.91,5.926636755872445,5.926538740397527,9.80154749173871e-05
pressure_domain_28d,validation_3,2024-01-28,5.92,5.90005815319756,5.899904055298145,0.00015409789941498554
pressure_domain_28d,validation_3,2024-02-04,5.98,5.922525832054787,5.923365314900618,-0.0008394828458313093
pressure_domain_28d,validation_3,2024-02-11,5.97,6.001714794133873,6.000191889403711,0.001522904730162277
pressure_domain_28d,validation_3,2024-02-18,5.97,5.965696112998672,5.966634685099382,-0.0009385721007099763
pressure_domain_28d,validation_3,2024-02-25,5.96,5.970984248604352,5.97,0.0009842486043524427
pressure_domain_28d,validation_3,2024-03-03,5.95,5.956395348143281,5.956620999996779,-0.00022565185349769176
pressure_domain_28d,validation_3,2024-03-10,5.92,5.946763758003118,5.946620999996778,0.00014275800634007123
pressure_domain_28d,validation_3,2024-03-17,5.93,5.908584573998274,5.909862999990335,-0.0012784259920615622
pressure_domain_28d,validation_3,2024-03-24,5.92,5.933006838054712,5.933379000003221,-0.0003721619485096094
pressure_domain_28d,validation_3,2024-03-31,5.93,5.916275692503752,5.916620999996779,-0.00034530749302651484
pressure_domain_28d,validation_3,2024-04-07,5.93,5.933865693323605,5.933379000003221,0.0004866933203838942
pressure_domain_28d,validation_3,2024-04-14,5.94,5.929989110318179,5.93,-1.0889681820326005e-05
pressure_domain_28d,validation_3,2024-04-21,5.96,5.941806977336034,5.9433790000032225,-0.001572022667188886
pressure_domain_28d,validation_3,2024-04-28,5.96,5.966794199450222,5.966758000006443,3.61994437787629e-05
pressure_domain_28d,validation_3,2024-05-05,5.96,5.9603315551988105,5.96,0.00033155519881040974
pressure_domain_28d,validation_3,2024-05-12,5.95,5.959749917236952,5.96,-0.00025008276304836234
pressure_domain_28d,validation_3,2024-05-19,5.93,5.946500498752267,5.946620999996779,-0.00012050124451113365
pressure_domain_28d,validation_3,2024-05-26,5.93,5.924128837130973,5.923241999993556,0.0008868371374169271
pressure_domain_28d,validation_3,2024-06-02,5.92,5.929941065464717,5.93,-5.8934535283031064e-05
pressure_domain_28d,validation_3,2024-06-09,5.92,5.916474607242572,5.916622807389878,-0.00014820014730583582
pressure_domain_28d,validation_3,2024-06-16,5.94,5.919993435225262,5.92,-6.564774737936209e-06
pressure_domain_28d,validation_3,2024-06-23,5.94,5.9471873585822,5.9467543852202445,0.0004329733619555448
pressure_domain_28d,validation_3,2024-06-30,5.96,5.940216440874252,5.94,0.00021644087425196415
pressure_domain_28d,validation_3,2024-07-07,6.01,5.966273922661487,5.966754385220243,-0.00048046255875579654
pressure_domain_28d,validation_3,2024-07-14,6.04,6.027641020970124,6.026885963050608,0.0007550579195165413
pressure_domain_28d,validation_3,2024-07-21,6.03,6.050538328232354,6.050131577830365,0.000406750401988735
pressure_domain_28d,validation_3,2024-07-28,6.03,6.026044745815224,6.026622807389878,-0.0005780615746535086
pressure_domain_28d,validation_3,2024-08-04,6.03,6.02946455998342,6.03,-0.0005354400165804196
pressure_domain_28d,validation_3,2024-08-11,6.02,6.029480213578333,6.03,-0.000519786421667259
pressure_all_7d,validation_1,2021-08-22,4.67,4.678168399439864,4.678154935850218,1.3463589646024076e-05
pressure_all_7d,validation_1,2021-08-29,4.691,4.66902171970873,4.668721558199933,0.00030016150879685275
pressure_all_7d,validation_1,2021-09-05,4.746,4.697626863858306,4.69774514732812,-0.00011828346981365326
pressure_all_7d,validation_1,2021-09-12,4.762,4.763868464691963,4.763665862049838,0.00020260264212483865
pressure_all_7d,validation_1,2021-09-19,4.77,4.767149208683886,4.767139159869044,1.0048814842863058e-05
pressure_all_7d,validation_1,2021-09-26,4.83,4.772859880093653,4.772569579934522,0.00029030015913143016
pressure_all_7d,validation_1,2021-10-03,5.014,4.849354818862193,4.849271849508915,8.296935327828369e-05
pressure_all_7d,validation_1,2021-10-10,5.033,5.0731008057355345,5.073100338494004,4.6724153061292557e-07
pressure_all_7d,validation_1,2021-10-17,5.048,5.038935273255678,5.03910275234449,-0.00016747908881143905
pressure_all_7d,validation_1,2021-10-24,5.29,5.052839903560778,5.052817962377229,2.1941183549410858e-05
pressure_all_7d,validation_1,2021-10-31,5.425,5.367707500409469,5.367729793019287,-2.2292609818216173e-05
pressure_all_7d,validation_1,2021-11-07,5.45,5.46843144140421,5.468361661395057,6.978000915305746e-05
pressure_all_7d,validation_1,2021-11-14,5.448,5.457966999295833,5.458029937295381,-6.293799954782556e-05
pressure_all_7d,validation_1,2021-11-21,5.447,5.4473585790599355,5.447357605016371,9.740435647734355e-07
pressure_all_7d,validation_1,2021-11-28,5.446,5.446506271972477,5.446678802508185,-0.0001725305357076935
pressure_all_7d,validation_1,2021-12-05,5.435,5.445291576558521,5.445651714774009,-0.0003601382154872064
pressure_all_7d,validation_1,2021-12-12,5.419,5.431168675521807,5.431168862514095,-1.8699228845216238e-07
pressure_all_7d,validation_1,2021-12-19,5.413,5.413419489755722,5.41342743638414,-7.946628417859982e-06
pressure_all_7d,validation_1,2021-12-26,5.41,5.410925847290657,5.410910288644053,1.5558646603867176e-05
pressure_all_7d,validation_1,2022-01-02,5.426,5.409040215850445,5.408955144322026,8.507152841901234e-05
pressure_all_7d,validation_1,2022-01-09,5.492,5.431577767252223,5.431572563615861,5.20363636260562e-06
pressure_all_7d,validation_1,2022-01-16,5.638,5.514996189285132,5.5149868249154235,9.364369708239568e-06
pressure_all_7d,validation_1,2022-01-23,5.646,5.688852091274674,5.6888496429947235,2.4482799502962665e-06
pressure_all_7d,validation_1,2022-01-30,5.646,5.648783339307754,5.64878628180793,-2.942500175744641e-06
pressure_all_7d,validation_1,2022-02-06,5.653,5.646003679165481,5.646,3.679165480312707e-06
pressure_all_7d,validation_1,2022-02-13,5.653,5.655512984492453,5.655437996581938,7.498791051449967e-05
pressure_all_7d,validation_1,2022-02-20,5.651,5.653333264566528,5.653,0.0003332645665283102
pressure_all_7d,validation_1,2022-02-27,5.668,5.6503331035169,5.650303429548018,2.9673968882262233e-05
pressure_all_7d,validation_1,2022-03-06,5.912,5.6739903661544195,5.673988376911076,1.98924334325882e-06
pressure_all_7d,validation_1,2022-03-13,6.751,5.997947646513574,5.997950821547212,-3.175033638094128e-06
pressure_all_7d,validation_1,2022-03-20,6.674,7.046543973112821,7.0465440134348825,-4.032206157686318e-08
pressure_all_7d,validation_1,2022-03-27,6.73,6.6468761751674785,6.6468761751674785,-3.885419601850708e-24
pressure_all_7d,validation_1,2022-04-03,6.73,6.749726412161226,6.749726418060017,-5.8987907353618304e-09
pressure_all_7d,validation_1,2022-04-10,6.722,6.7299999999267515,6.73,-7.324883039140984e-11
pressure_all_7d,validation_1,2022-04-17,6.733,6.7191734493002135,6.719181940277141,-8.490976928082784e-06
pressure_all_7d,validation_1,2022-04-24,6.741,6.736874842414658,6.736874832118931,1.0295726747539442e-08
pressure_all_7d,validation_1,2022-05-01,6.775,6.743845086121121,6.743818059722859,2.7026398262418526e-05
pressure_all_7d,validation_1,2022-05-08,6.97,6.786966316809911,6.786976753822153,-1.0437012241721155e-05
pressure_all_7d,validation_1,2022-05-15,7.07,7.038690171339956,7.038690205744698,-3.440474166291268e-08
pressure_all_7d,validation_1,2022-05-22,7.05,7.10522647593536,7.105225746535743,7.293996161983509e-07
pressure_all_7d,validation_1,2022-05-29,7.01,7.042954850675261,7.042954850692851,-1.7590495653535083e-11
pressure_all_7d,validation_1,2022-06-05,7.01,6.999141004879482,6.999141035037236,-3.015775347813627e-08
pressure_all_7d,validation_1,2022-06-12,7.03,7.010030690047259,7.01,3.0690047259206225e-05
pressure_all_7d,validation_1,2022-06-19,7.68,7.035433709874215,7.035429482481383,4.227392831893716e-06
pressure_all_7d,validation_1,2022-06-26,7.67,7.856458176409033,7.856458180644914,-4.235880844688092e-09
pressure_all_7d,validation_1,2022-07-03,7.63,7.6672816613000565,7.667285258759309,-3.5974592522688883e-06
pressure_all_7d,validation_1,2022-07-10,7.58,7.619141035069694,7.619141035037236,3.2457517148052765e-11
pressure_all_7d,validation_1,2022-07-17,7.55,7.566415758249934,7.566426293796545,-1.0535546611425495e-05
pressure_all_7d,validation_1,2022-07-24,7.51,7.541849195696283,7.541855776277926,-6.580581643078728e-06
pressure_all_7d,validation_1,2022-07-31,7.47,7.498992659451626,7.499141035037236,-0.00014837558560967424
pressure_all_7d,validation_1,2022-08-07,7.31,7.458855081473684,7.459141035037236,-0.0002859535635522011
pressure_all_7d,validation_1,2022-08-14,7.13,7.26655958388829,7.266564140148944,-4.55626065412689e-06
pressure_all_7d,validation_2,2022-08-21,7.01,7.081130074917474,7.081134657667562,-4.582750088012185e-06
pressure_all_7d,validation_2,2022-08-28,6.99,6.9763952243412595,6.977423105111708,-0.0010278807704484133
pressure_all_7d,validation_2,2022-09-04,6.96,6.985033759055203,6.985202840027735,-0.00016908097253147172
pressure_all_7d,validation_2,2022-09-11,6.94,6.952502646518868,6.952804260041602,-0.0003016135227344979
pressure_all_7d,validation_2,2022-09-18,6.82,6.935202748503443,6.935202840027735,-9.152429175332846e-08
pressure_all_7d,validation_2,2022-09-25,6.73,6.789269298601243,6.791217040166408,-0.0019477415651640224
pressure_all_7d,validation_2,2022-10-02,6.66,6.707131344178668,6.708412780124806,-0.0012814359461378272
pressure_all_7d,validation_2,2022-10-09,6.65,6.641693589520264,6.643209940097071,-0.001516350576807324
pressure_all_7d,validation_2,2022-10-16,6.72,6.6476014189441,6.647601420013868,-1.0697681180115856e-09
pressure_all_7d,validation_2,2022-10-23,6.68,6.7368179893809526,6.736790059902929,2.7929478023658925e-05
pressure_all_7d,validation_2,2022-10-30,6.71,6.67039026138205,6.6704056800554685,-1.541867341925865e-05
pressure_all_7d,validation_2,2022-11-06,6.71,6.717227641146655,6.717195739958398,3.190118825707691e-05
pressure_all_7d,validation_2,2022-11-13,6.69,6.710026694605686,6.71,2.669460568618879e-05
pressure_all_7d,validation_2,2022-11-20,6.68,6.6855060252871,6.685202840027735,0.0003031852593652129
pressure_all_7d,validation_2,2022-11-27,6.67,6.677464349674988,6.6776014200138665,-0.00013707033887864312
pressure_all_7d,validation_2,2022-12-04,6.63,6.667524585222436,6.667562566652319,-3.798142988290179e-05
pressure_all_7d,validation_2,2022-12-11,6.48,6.620236246341485,6.620250266609276,-1.4020267791270771e-05
pressure_all_7d,validation_2,2022-12-18,6.42,6.443114348448919,6.443438499784787,-0.0003241513358679616
pressure_all_7d,validation_2,2022-12-25,6.38,6.404917233874443,6.405375399913915,-0.0004581660394722935
pressure_all_7d,validation_2,2023-01-01,6.51,6.369884933680642,6.370250266609276,-0.0003653329286343261
pressure_all_7d,validation_2,2023-01-08,6.47,6.541784836782846,6.541686633519851,9.820326299555133e-05
pressure_all_7d,validation_2,2023-01-15,6.43,6.460250266550186,6.460250266609276,-5.909086829431865e-11
pressure_all_7d,validation_2,2023-01-22,6.38,6.420250266609276,6.420250266609276,1.9516032163517306e-19
pressure_all_7d,validation_2,2023-01-29,6.39,6.36703371568397,6.3678128332615955,-0.0007791175776253929
pressure_all_7d,validation_2,2023-02-05,6.32,6.392130730885372,6.3924374333476806,-0.000306702462308733
pressure_all_7d,validation_2,2023-02-12,6.1,6.303196626871781,6.302937966566234,0.00025866030554665955
pressure_all_7d,validation_2,2023-02-19,6.05,6.046257329422107,6.0463764663510196,-0.00011913692891210077
pressure_all_7d,validation_2,2023-02-26,6.02,6.037765125271754,6.0378128332615955,-4.77079898414767e-05
pressure_all_7d,validation_2,2023-03-05,6.0,6.012144976832258,6.01253174817388,-0.0003867713416222386
pressure_all_7d,validation_2,2023-03-12,5.97,5.994728162608153,5.995021165449254,-0.00029300284110108776
pressure_all_7d,validation_2,2023-03-19,5.94,5.961272747247705,5.96253174817388,-0.0012590009261758196
pressure_all_7d,validation_2,2023-03-26,5.86,5.931805452665616,5.932531748173881,-0.0007262955082651499
pressure_all_7d,validation_2,2023-04-02,5.84,5.839696756377248,5.8400846617970155,-0.00038790541976720154
pressure_all_7d,validation_2,2023-04-09,5.83,5.834528773225851,5.835021165449254,-0.0004923922234021619
pressure_all_7d,validation_2,2023-04-16,5.79,5.826841119278632,5.827510582724627,-0.0006694634459951225
pressure_all_7d,validation_2,2023-04-23,5.77,5.777157849179781,5.780042330898508,-0.0028844817187269815
pressure_all_7d,validation_2,2023-04-30,5.7,5.764617469899396,5.765021165449253,-0.00040369554985723904
pressure_all_7d,validation_2,2023-05-07,5.57,5.680753303523265,5.682574079072388,-0.0018207755491230384
pressure_all_7d,validation_2,2023-05-14,5.46,5.536999937286447,5.53763757542015,-0.0006376381337029845
pressure_all_7d,validation_2,2023-05-21,5.24,5.431065040460584,5.432616409970896,-0.0015513695103126425
pressure_all_7d,validation_2,2023-05-28,5.16,5.181769585517322,5.185232819941792,-0.003463234424470331
pressure_all_7d,validation_2,2023-06-04,5.13,5.135255449883957,5.138314015359484,-0.003058565475527059
pressure_all_7d,validation_2,2023-06-11,5.1,5.121208925872903,5.121867755759806,-0.0006588298869029043
pressure_all_7d,validation_2,2023-06-18,5.05,5.091448671500646,5.091867755759806,-0.00041908425916039444
pressure_all_7d,validation_2,2023-06-25,5.04,5.035598947175785,5.0364462595996775,-0.000847312423892735
pressure_all_7d,validation_2,2023-07-02,5.02,5.037159052015237,5.037289251919935,-0.0001301999046973507
pressure_all_7d,validation_2,2023-07-09,5.01,5.014849483666531,5.0145785038398705,0.00027097982666006524
pressure_all_7d,validation_2,2023-07-16,4.99,5.007289472810349,5.007289251919936,2.2089041361909212e-07
pressure_all_7d,validation_2,2023-07-23,4.98,4.984125925248375,4.984578503839871,-0.0004525785914954831
pressure_all_7d,validation_2,2023-07-30,5.0,4.9771814117453825,4.977289251919936,-0.0001078401745536551
pressure_all_7d,validation_2,2023-08-06,5.08,5.005421496160129,5.005421496160129,8.455202393464643e-18
pressure_all_7d,validation_2,2023-08-13,5.5,5.10258419216588,5.1016859846405165,0.0008982075253629927
pressure_all_7d,validation_3,2023-08-20,6.05,5.61385142571483,5.61385141936271,6.3521200696073716e-09
pressure_all_7d,validation_3,2023-08-27,6.13,6.1990911617573525,6.19909114440355,1.7353802879951848e-08
pressure_all_7d,validation_3,2023-09-03,6.18,6.156887411475243,6.1568925419400005,-5.13046475693689e-06
pressure_all_7d,validation_3,2023-09-10,6.2,6.196820932162933,6.1968078387125,1.3093450432890458e-05
pressure_all_7d,validation_3,2023-09-17,6.22,6.2067350083684545,6.206723135485,1.1872883453768004e-05
pressure_all_7d,validation_3,2023-09-24,6.22,6.2267231994958685,6.226723135485,6.401086877678346e-08
pressure_all_7d,validation_3,2023-10-01,6.22,6.2200000000029565,6.22,2.957165099985974e-12
pressure_all_7d,validation_3,2023-10-08,6.2,6.220000000011273,6.22,1.1273437935706286e-11
pressure_all_7d,validation_3,2023-10-15,6.18,6.1932767666605475,6.193276864515,-9.785445218915618e-08
pressure_all_7d,validation_3,2023-10-22,6.25,6.173231518271136,6.173276864515,-4.534624386396338e-05
pressure_all_7d,validation_3,2023-10-29,6.26,6.27356007998842,6.2735309741975005,2.910579092001636e-05
pressure_all_7d,validation_3,2023-11-05,6.24,6.263359712098192,6.2633615677425,-1.8556443074956133e-06
pressure_all_7d,validation_3,2023-11-12,6.21,6.234405356989335,6.233276864515,0.0011284924743343988
pressure_all_7d,validation_3,2023-11-19,6.18,6.198358598856584,6.1999152967725,-0.0015566979159164945
pressure_all_7d,validation_3,2023-11-26,6.16,6.169092965069458,6.1699152967724995,-0.0008223317030413034
pressure_all_7d,validation_3,2023-12-03,6.13,6.151822161872157,6.153269370198763,-0.0014472083266064244
pressure_all_7d,validation_3,2023-12-10,6.06,6.119058532123341,6.119904055298145,-0.0008455231748041679
pressure_all_7d,validation_3,2023-12-17,5.98,6.033911476515788,6.03644279569567,-0.0025313191798817924
pressure_all_7d,validation_3,2023-12-24,5.94,5.950178306332394,5.953077480795054,-0.002899174462659679
pressure_all_7d,validation_3,2023-12-31,5.97,5.924267202821345,5.926538740397527,-0.0022715375761818276
pressure_all_7d,validation_3,2024-01-07,5.98,5.979919427558452,5.980095944701854,-0.0001765171434012122
pressure_all_7d,validation_3,2024-01-14,5.94,5.984036990435138,5.983365314900619,0.0006716755345185419
pressure_all_7d,validation_3,2024-01-21,5.91,5.925863941782523,5.926538740397527,-0.0006747986150046536
pressure_all_7d,validation_3,2024-01-28,5.92,5.900829866526065,5.899904055298145,0.0009258112279202072
pressure_all_7d,validation_3,2024-02-04,5.98,5.922639674885792,5.923365314900618,-0.0007256400148258956
pressure_all_7d,validation_3,2024-02-11,5.97,6.000546459690254,6.000191889403711,0.0003545702865431325
pressure_all_7d,validation_3,2024-02-18,5.97,5.965438097737066,5.966634685099382,-0.0011965873623155886
pressure_all_7d,validation_3,2024-02-25,5.96,5.97104163239458,5.97,0.0010416323945796775
pressure_all_7d,validation_3,2024-03-03,5.95,5.956382026319156,5.956620999996779,-0.0002389736776224548
pressure_all_7d,validation_3,2024-03-10,5.92,5.946745338172533,5.946620999996778,0.00012433817575487272
pressure_all_7d,validation_3,2024-03-17,5.93,5.90929660478764,5.909862999990335,-0.0005663952026956785
pressure_all_7d,validation_3,2024-03-24,5.92,5.932992601759255,5.933379000003221,-0.00038639824396532557
pressure_all_7d,validation_3,2024-03-31,5.93,5.916263291393874,5.916620999996779,-0.0003577086029048895
pressure_all_7d,validation_3,2024-04-07,5.93,5.933862021784253,5.933379000003221,0.00048302178103189886
pressure_all_7d,validation_3,2024-04-14,5.94,5.930003452852542,5.93,3.452852542930444e-06
pressure_all_7d,validation_3,2024-04-21,5.96,5.944788716687421,5.9433790000032225,0.0014097166841989719
pressure_all_7d,validation_3,2024-04-28,5.96,5.967037544637289,5.966758000006443,0.00027954463084571275
pressure_all_7d,validation_3,2024-05-05,5.96,5.960000004133569,5.96,4.1335688038521866e-09
pressure_all_7d,validation_3,2024-05-12,5.95,5.960335929571732,5.96,0.00033592957173237965
pressure_all_7d,validation_3,2024-05-19,5.93,5.946610848762081,5.946620999996779,-1.0151234697908389e-05
pressure_all_7d,validation_3,2024-05-26,5.93,5.923260855601765,5.923241999993556,1.88556082089298e-05
pressure_all_7d,validation_3,2024-06-02,5.92,5.9299894659258365,5.93,-1.0534074162791972e-05
pressure_all_7d,validation_3,2024-06-09,5.92,5.917173599053297,5.916622807389878,0.000550791663418582
pressure_all_7d,validation_3,2024-06-16,5.94,5.920001012493783,5.92,1.012493783361489e-06
pressure_all_7d,validation_3,2024-06-23,5.94,5.946958336187294,5.9467543852202445,0.0002039509670499651
pressure_all_7d,validation_3,2024-06-30,5.96,5.939859348671614,5.94,-0.00014065132838689338
pressure_all_7d,validation_3,2024-07-07,6.01,5.966491055950058,5.966754385220243,-0.00026332927018473323
pressure_all_7d,validation_3,2024-07-14,6.04,6.027553519287307,6.026885963050608,0.0006675562366982449
pressure_all_7d,validation_3,2024-07-21,6.03,6.050620048321682,6.050131577830365,0.0004884704913165123
pressure_all_7d,validation_3,2024-07-28,6.03,6.026501766429508,6.026622807389878,-0.00012104096037020129
pressure_all_7d,validation_3,2024-08-04,6.03,6.030106047455669,6.03,0.00010604745566870096
pressure_all_7d,validation_3,2024-08-11,6.02,6.030107405814099,6.03,0.00010740581409837275
pressure_all_28d,validation_1,2021-08-22,4.67,4.678206784560573,4.678154935850218,5.1848710355143755e-05
pressure_all_28d,validation_1,2021-08-29,4.691,4.669072346308498,4.668721558199933,0.00035078810856520597
pressure_all_28d,validation_1,2021-09-05,4.746,4.69760903126291,4.69774514732812,-0.00013611606520928717
pressure_all_28d,validation_1,2021-09-12,4.762,4.7649273635396305,4.763665862049838,0.0012615014897927183
pressure_all_28d,validation_1,2021-09-19,4.77,4.767508965376251,4.767139159869044,0.00036980550720745417
pressure_all_28d,validation_1,2021-09-26,4.83,4.773026573697373,4.772569579934522,0.00045699376285146065
pressure_all_28d,validation_1,2021-10-03,5.014,4.84898600632368,4.849271849508915,-0.0002858431852348348
pressure_all_28d,validation_1,2021-10-10,5.033,5.073000441401029,5.073100338494004,-9.989709297455889e-05
pressure_all_28d,validation_1,2021-10-17,5.048,5.038945930178577,5.03910275234449,-0.0001568221659123921
pressure_all_28d,validation_1,2021-10-24,5.29,5.052893074963158,5.052817962377229,7.511258593004368e-05
pressure_all_28d,validation_1,2021-10-31,5.425,5.36758968776814,5.367729793019287,-0.0001401052511477581
pressure_all_28d,validation_1,2021-11-07,5.45,5.468471870830831,5.468361661395057,0.00011020943577375851
pressure_all_28d,validation_1,2021-11-14,5.448,5.458034275115531,5.458029937295381,4.337820150207025e-06
pressure_all_28d,validation_1,2021-11-21,5.447,5.447383900529248,5.447357605016371,2.629551287742411e-05
pressure_all_28d,validation_1,2021-11-28,5.446,5.446404636815397,5.446678802508185,-0.00027416569278771764
pressure_all_28d,validation_1,2021-12-05,5.435,5.445108469758966,5.445651714774009,-0.0005432450150422424
pressure_all_28d,validation_1,2021-12-12,5.419,5.4311813523716275,5.431168862514095,1.2489857532001363e-05
pressure_all_28d,validation_1,2021-12-19,5.413,5.413230569829444,5.41342743638414,-0.00019686655469662503
pressure_all_28d,validation_1,2021-12-26,5.41,5.411607231562133,5.410910288644053,0.0006969429180796886
pressure_all_28d,validation_1,2022-01-02,5.426,5.410620334643748,5.408955144322026,0.001665190321722271
pressure_all_28d,validation_1,2022-01-09,5.492,5.432069360661975,5.431572563615861,0.0004967970461142108
pressure_all_28d,validation_1,2022-01-16,5.638,5.515329228813114,5.5149868249154235,0.00034240389768987217
pressure_all_28d,validation_1,2022-01-23,5.646,5.688694330551383,5.6888496429947235,-0.00015531244334070804
pressure_all_28d,validation_1,2022-01-30,5.646,5.64881120907798,5.64878628180793,2.4927270049975268e-05
pressure_all_28d,validation_1,2022-02-06,5.653,5.646088742346227,5.646,8.874234622719089e-05
pressure_all_28d,validation_1,2022-02-13,5.653,5.6557952776445815,5.655437996581938,0.00035728106264326426
pressure_all_28d,validation_1,2022-02-20,5.651,5.653466184197718,5.653,0.00046618419771837414
pressure_all_28d,validation_1,2022-02-27,5.668,5.650627893679189,5.650303429548018,0.00032446413117140946
pressure_all_28d,validation_1,2022-03-06,5.912,5.6744300469825495,5.673988376911076,0.00044167007147360835
pressure_all_28d,validation_1,2022-03-13,6.751,5.99791706024739,5.997950821547212,-3.376129982169202e-05
pressure_all_28d,validation_1,2022-03-20,6.674,7.046540548437822,7.0465440134348825,-3.4649970610408025e-06
pressure_all_28d,validation_1,2022-03-27,6.73,6.6468761751674785,6.6468761751674785,-7.748612618512227e-25
pressure_all_28d,validation_1,2022-04-03,6.73,6.749725991528383,6.749726418060017,-4.2653163371698167e-07
pressure_all_28d,validation_1,2022-04-10,6.722,6.730000209228719,6.73,2.0922871841940464e-07
pressure_all_28d,validation_1,2022-04-17,6.733,6.719170410784483,6.719181940277141,-1.1529492658184743e-05
pressure_all_28d,validation_1,2022-04-24,6.741,6.7368738985558565,6.736874832118931,-9.335630751970795e-07
pressure_all_28d,validation_1,2022-05-01,6.775,6.743735631282618,6.743818059722859,-8.24284402406502e-05
pressure_all_28d,validation_1,2022-05-08,6.97,6.786983910598935,6.786976753822153,7.156776781713825e-06
pressure_all_28d,validation_1,2022-05-15,7.07,7.038817286954938,7.038690205744698,0.00012708121024005984
pressure_all_28d,validation_1,2022-05-22,7.05,7.105223115173483,7.105225746535743,-2.631362260218336e-06
pressure_all_28d,validation_1,2022-05-29,7.01,7.042954836235101,7.042954850692851,-1.4457750787798078e-08
pressure_all_28d,validation_1,2022-06-05,7.01,6.9990607977415875,6.999141035037236,-8.023729564868659e-05
pressure_all_28d,validation_1,2022-06-12,7.03,7.010082645998195,7.01,8.264599819510775e-05
pressure_all_28d,validation_1,2022-06-19,7.68,7.036668328936677,7.035429482481383,0.0012388464552938762
pressure_all_28d,validation_1,2022-06-26,7.67,7.846537597893763,7.856458180644914,-0.009920582751151893
pressure_all_28d,validation_1,2022-07-03,7.63,7.667285256083498,7.667285258759309,-2.6758109928387058e-09
pressure_all_28d,validation_1,2022-07-10,7.58,7.619141216937434,7.619141035037236,1.819001976391468e-07
pressure_all_28d,validation_1,2022-07-17,7.55,7.566412924154213,7.566426293796545,-1.3369642332048797e-05
pressure_all_28d,validation_1,2022-07-24,7.51,7.541842218213934,7.541855776277926,-1.3558063992677335e-05
pressure_all_28d,validation_1,2022-07-31,7.47,7.498697490130448,7.499141035037236,-0.00044354490678827146
pressure_all_28d,validation_1,2022-08-07,7.31,7.458832399141365,7.459141035037236,-0.00030863589587029746
pressure_all_28d,validation_1,2022-08-14,7.13,7.266557048729778,7.266564140148944,-7.091419165823768e-06
pressure_all_28d,validation_2,2022-08-21,7.01,7.08112778843108,7.081134657667562,-6.8692364821429125e-06
pressure_all_28d,validation_2,2022-08-28,6.99,6.975737147583761,6.977423105111708,-0.0016859575279465542
pressure_all_28d,validation_2,2022-09-04,6.96,6.986611586185599,6.985202840027735,0.0014087461578638806
pressure_all_28d,validation_2,2022-09-11,6.94,6.951546809267803,6.952804260041602,-0.0012574507737985049
pressure_all_28d,validation_2,2022-09-18,6.82,6.935202816075545,6.935202840027735,-2.3952189197984815e-08
pressure_all_28d,validation_2,2022-09-25,6.73,6.789165019252975,6.791217040166408,-0.0020520209134329685
pressure_all_28d,validation_2,2022-10-02,6.66,6.707247676033775,6.708412780124806,-0.0011651040910305725
pressure_all_28d,validation_2,2022-10-09,6.65,6.64169932369506,6.643209940097071,-0.0015106164020106852
pressure_all_28d,validation_2,2022-10-16,6.72,6.647595543803922,6.647601420013868,-5.876209946068979e-06
pressure_all_28d,validation_2,2022-10-23,6.68,6.7370126508510415,6.736790059902929,0.00022259094811258765
pressure_all_28d,validation_2,2022-10-30,6.71,6.669163731239188,6.6704056800554685,-0.0012419488162813458
pressure_all_28d,validation_2,2022-11-06,6.71,6.716705936304468,6.717195739958398,-0.0004898036539300379
pressure_all_28d,validation_2,2022-11-13,6.69,6.710088617198693,6.71,8.861719869296153e-05
pressure_all_28d,validation_2,2022-11-20,6.68,6.686050986897487,6.685202840027735,0.0008481468697523782
pressure_all_28d,validation_2,2022-11-27,6.67,6.677258498827255,6.6776014200138665,-0.0003429211866117212
pressure_all_28d,validation_2,2022-12-04,6.63,6.667367376363506,6.667562566652319,-0.00019519028881319605
pressure_all_28d,validation_2,2022-12-11,6.48,6.620036647439912,6.620250266609276,-0.00021361916936399948
pressure_all_28d,validation_2,2022-12-18,6.42,6.442571526084843,6.443438499784787,-0.0008669736999441884
pressure_all_28d,validation_2,2022-12-25,6.38,6.404600673810429,6.405375399913915,-0.0007747261034853227
pressure_all_28d,validation_2,2023-01-01,6.51,6.3694396843167596,6.370250266609276,-0.0008105822925164956
pressure_all_28d,validation_2,2023-01-08,6.47,6.541201872431541,6.541686633519851,-0.0004847610883099739
pressure_all_28d,validation_2,2023-01-15,6.43,6.460088920818988,6.460250266609276,-0.0001613457902886783
pressure_all_28d,validation_2,2023-01-22,6.38,6.420078554186778,6.420250266609276,-0.00017171242249772084
pressure_all_28d,validation_2,2023-01-29,6.39,6.3674075123183185,6.3678128332615955,-0.00040532094327710457
pressure_all_28d,validation_2,2023-02-05,6.32,6.392437433366134,6.3924374333476806,1.8453830071541012e-11
pressure_all_28d,validation_2,2023-02-12,6.1,6.302937966566234,6.302937966566234,3.11738654654833e-17
pressure_all_28d,validation_2,2023-02-19,6.05,6.046168768436289,6.0463764663510196,-0.00020769791473097978
pressure_all_28d,validation_2,2023-02-26,6.02,6.03768416948486,6.0378128332615955,-0.0001286637767353731
pressure_all_28d,validation_2,2023-03-05,6.0,6.012139499862531,6.01253174817388,-0.00039224831134919354
pressure_all_28d,validation_2,2023-03-12,5.97,5.994650418086091,5.995021165449254,-0.0003707473631622703
pressure_all_28d,validation_2,2023-03-19,5.94,5.962105541883439,5.96253174817388,-0.0004262062904412236
pressure_all_28d,validation_2,2023-03-26,5.86,5.931336064014024,5.932531748173881,-0.0011956841598571826
pressure_all_28d,validation_2,2023-04-02,5.84,5.839414714454522,5.8400846617970155,-0.0006699473424938168
pressure_all_28d,validation_2,2023-04-09,5.83,5.834619913040601,5.835021165449254,-0.00040125240865216733
pressure_all_28d,validation_2,2023-04-16,5.79,5.827000091484538,5.827510582724627,-0.000510491240089045
pressure_all_28d,validation_2,2023-04-23,5.77,5.7789151898164155,5.780042330898508,-0.0011271410820920483
pressure_all_28d,validation_2,2023-04-30,5.7,5.7633578366142535,5.765021165449253,-0.0016633288350000944
pressure_all_28d,validation_2,2023-05-07,5.57,5.680935513849573,5.682574079072388,-0.0016385652228151412
pressure_all_28d,validation_2,2023-05-14,5.46,5.537184510942173,5.53763757542015,-0.0004530644779769983
pressure_all_28d,validation_2,2023-05-21,5.24,5.431066750225318,5.432616409970896,-0.001549659745577909
pressure_all_28d,validation_2,2023-05-28,5.16,5.182033769842412,5.185232819941792,-0.003199050099380095
pressure_all_28d,validation_2,2023-06-04,5.13,5.1362134105659765,5.138314015359484,-0.0021006047935070433
pressure_all_28d,validation_2,2023-06-11,5.1,5.120499073884658,5.121867755759806,-0.0013686818751479032
pressure_all_28d,validation_2,2023-06-18,5.05,5.0912921316651,5.091867755759806,-0.0005756240947061729
pressure_all_28d,validation_2,2023-06-25,5.04,5.035880878808131,5.0364462595996775,-0.0005653807915468761
pressure_all_28d,validation_2,2023-07-02,5.02,5.037150930470372,5.037289251919935,-0.00013832144956242663
pressure_all_28d,validation_2,2023-07-09,5.01,5.014375366574108,5.0145785038398705,-0.00020313726576236125
pressure_all_28d,validation_2,2023-07-16,4.99,5.007289251820571,5.007289251919936,-9.936520606218572e-11
pressure_all_28d,validation_2,2023-07-23,4.98,4.984578699280699,4.984578503839871,1.9544082834721195e-07
pressure_all_28d,validation_2,2023-07-30,5.0,4.977289041989808,4.977289251919936,-2.0993012813866312e-07
pressure_all_28d,validation_2,2023-08-06,5.08,5.0054218348594,5.005421496160129,3.3869927109577723e-07
pressure_all_28d,validation_2,2023-08-13,5.5,5.101594803903506,5.1016859846405165,-9.118073701045855e-05
pressure_all_28d,validation_3,2023-08-20,6.05,5.61385141936271,5.61385141936271,2.5621889376239714e-22
pressure_all_28d,validation_3,2023-08-27,6.13,6.199091159875561,6.19909114440355,1.5472010803405256e-08
pressure_all_28d,validation_3,2023-09-03,6.18,6.156887554360289,6.1568925419400005,-4.987579711963184e-06
pressure_all_28d,validation_3,2023-09-10,6.2,6.196821132582415,6.1968078387125,1.32938699152451e-05
pressure_all_28d,validation_3,2023-09-17,6.22,6.206732012478145,6.206723135485,8.876993145092216e-06
pressure_all_28d,validation_3,2023-09-24,6.22,6.226723196502326,6.226723135485,6.101732590534656e-08
pressure_all_28d,validation_3,2023-10-01,6.22,6.22000000251586,6.22,2.51586009256312e-09
pressure_all_28d,validation_3,2023-10-08,6.2,6.220000002441891,6.22,2.441891277374914e-09
pressure_all_28d,validation_3,2023-10-15,6.18,6.193276838995733,6.193276864515,-2.55192668227635e-08
pressure_all_28d,validation_3,2023-10-22,6.25,6.173231272402044,6.173276864515,-4.55921129547695e-05
pressure_all_28d,validation_3,2023-10-29,6.26,6.273530940194567,6.2735309741975005,-3.400293371551141e-08
pressure_all_28d,validation_3,2023-11-05,6.24,6.26338046973521,6.2633615677425,1.8901992709916285e-05
pressure_all_28d,validation_3,2023-11-12,6.21,6.234428521333492,6.233276864515,0.0011516568184923152
pressure_all_28d,validation_3,2023-11-19,6.18,6.199167324975549,6.1999152967725,-0.0007479717969506324
pressure_all_28d,validation_3,2023-11-26,6.16,6.1686073770592955,6.1699152967724995,-0.0013079197132041794
pressure_all_28d,validation_3,2023-12-03,6.13,6.152948284218363,6.153269370198763,-0.00032108598040034774
pressure_all_28d,validation_3,2023-12-10,6.06,6.119991665542795,6.119904055298145,8.761024464979292e-05
pressure_all_28d,validation_3,2023-12-17,5.98,6.034866701253084,6.03644279569567,-0.0015760944425866257
pressure_all_28d,validation_3,2023-12-24,5.94,5.9501213937549045,5.953077480795054,-0.002956087040149142
pressure_all_28d,validation_3,2023-12-31,5.97,5.924505634638075,5.926538740397527,-0.002033105759451996
pressure_all_28d,validation_3,2024-01-07,5.98,5.980095923923773,5.980095944701854,-2.0778080885709946e-08
pressure_all_28d,validation_3,2024-01-14,5.94,5.9833636436460385,5.983365314900619,-1.6712545806863357e-06
pressure_all_28d,validation_3,2024-01-21,5.91,5.9260717649371015,5.926538740397527,-0.0004669754604252721
pressure_all_28d,validation_3,2024-01-28,5.92,5.8999446781715825,5.899904055298145,4.062287343770686e-05
pressure_all_28d,validation_3,2024-02-04,5.98,5.9232513504040085,5.923365314900618,-0.00011396449660957717
pressure_all_28d,validation_3,2024-02-11,5.97,5.999262490503379,6.000191889403711,-0.0009293989003313352
pressure_all_28d,validation_3,2024-02-18,5.97,5.964825083927146,5.966634685099382,-0.0018096011722353639
pressure_all_28d,validation_3,2024-02-25,5.96,5.9729687827823605,5.97,0.0029687827823608234
pressure_all_28d,validation_3,2024-03-03,5.95,5.956215111118055,5.956620999996779,-0.00040588887872429176
pressure_all_28d,validation_3,2024-03-10,5.92,5.94623165305063,5.946620999996778,-0.00038934694614841607
pressure_all_28d,validation_3,2024-03-17,5.93,5.907895875529725,5.909862999990335,-0.001967124460609871
pressure_all_28d,validation_3,2024-03-24,5.92,5.932798461376388,5.933379000003221,-0.0005805386268332871
pressure_all_28d,validation_3,2024-03-31,5.93,5.916216169641296,5.916620999996779,-0.0004048303554824804
pressure_all_28d,validation_3,2024-04-07,5.93,5.933746310957534,5.933379000003221,0.0003673109543126661
pressure_all_28d,validation_3,2024-04-14,5.94,5.9298948191445175,5.93,-0.00010518085548246935
pressure_all_28d,validation_3,2024-04-21,5.96,5.942984013785621,5.9433790000032225,-0.0003949862176017025
pressure_all_28d,validation_3,2024-04-28,5.96,5.966922768331062,5.966758000006443,0.0001647683246188026
pressure_all_28d,validation_3,2024-05-05,5.96,5.959999997279697,5.96,-2.720302783309897e-09
pressure_all_28d,validation_3,2024-05-12,5.95,5.960053481808118,5.96,5.3481808118513864e-05
pressure_all_28d,validation_3,2024-05-19,5.93,5.946451635484616,5.946620999996779,-0.00016936451216338424
pressure_all_28d,validation_3,2024-05-26,5.93,5.923241922352983,5.923241999993556,-7.764057292011178e-08
pressure_all_28d,validation_3,2024-06-02,5.92,5.929687055578812,5.93,-0.00031294442118788666
pressure_all_28d,validation_3,2024-06-09,5.92,5.916265095133248,5.916622807389878,-0.00035771225662984644
pressure_all_28d,validation_3,2024-06-16,5.94,5.920156004117124,5.92,0.0001560041171240895
pressure_all_28d,validation_3,2024-06-23,5.94,5.9470067795788255,5.9467543852202445,0.000252394358580795
pressure_all_28d,validation_3,2024-06-30,5.96,5.939963100352609,5.94,-3.689964739132077e-05
pressure_all_28d,validation_3,2024-07-07,6.01,5.96656165188921,5.966754385220243,-0.00019273333103351324
pressure_all_28d,validation_3,2024-07-14,6.04,6.027069748029594,6.026885963050608,0.00018378497898581794
pressure_all_28d,validation_3,2024-07-21,6.03,6.0531355108300655,6.050131577830365,0.003003932999700619
pressure_all_28d,validation_3,2024-07-28,6.03,6.025928557875579,6.026622807389878,-0.000694249514299374
pressure_all_28d,validation_3,2024-08-04,6.03,6.0301823745415515,6.03,0.0001823745415511805
pressure_all_28d,validation_3,2024-08-11,6.02,6.029946657759439,6.03,-5.334224056192153e-05
