date,actual,persistence,arima,cond_lower,cond_upper,cond_sigma,fixed_lower,fixed_upper
2021-08-22,4.67,4.674,4.677976177015391,4.6570039710761595,4.710163114409586,0.019641320301463816,4.646726365060371,4.714788058861291
2021-08-29,4.691,4.67,4.669616158124791,4.642831118543852,4.710944825097112,0.02518357973625659,4.6383663461697715,4.7064280399706915
2021-09-05,4.746,4.691,4.697139751215244,4.6679482571193045,4.742370568513837,0.0275694906592117,4.665889939260224,4.733951633061144
2021-09-12,4.762,4.746,4.763518503913931,4.745067366171138,4.792274236692632,0.017549553199998593,4.732268691958912,4.8021524041903545
2021-09-19,4.77,4.762,4.770263012275753,4.752096809287493,4.79860181772474,0.01728097366599292,4.739013200320733,4.808896912552176
2021-09-26,4.83,4.77,4.77256119284536,4.745384734333925,4.814983962660148,0.025842969083596595,4.74131138089034,4.811195093121783
2021-10-03,5.014,4.83,4.849208946340204,4.823109824517379,4.891282969804014,0.025058448702701998,4.817959134385185,4.888834237329412
2021-10-10,5.033,5.014,5.07290743544329,5.047520564231668,5.116155418058703,0.025069109998843722,5.041657623488271,5.113791587974484
2021-10-17,5.048,5.033,5.039082833007732,5.007795959474183,5.0895957553795945,0.029529627264750676,5.00717916361643,5.079966985538926
2021-10-24,5.29,5.048,5.052802236585051,5.029477701946718,5.090522232370792,0.02206185257428329,5.020898567193749,5.093686389116245
2021-10-31,5.425,5.29,5.367476083572153,5.334715415680486,5.422982568334034,0.0322275514496833,5.3355724141808505,5.408360236103347
2021-11-07,5.45,5.425,5.4682201292654575,5.438978471694365,5.519179212737891,0.02898484171562936,5.4363164598741545,5.509104281796651
2021-11-14,5.448,5.45,5.458003727641752,5.432062146899384,5.503485019625047,0.02590117928330321,5.42610005825045,5.498887880172946
2021-11-21,5.447,5.448,5.447359701788661,5.423408058445936,5.489559346031258,0.02405250620118201,5.415456032397358,5.488243854319855
2021-11-28,5.446,5.447,5.44667985089433,5.425074469882632,5.484942232290533,0.021784686684264556,5.4147761815030275,5.487564003425524
2021-12-05,5.435,5.446,5.445679850894329,5.405123921713445,5.517844190035875,0.04100893236972787,5.413776181503026,5.4865640034255225
2021-12-12,5.419,5.435,5.431478359837629,5.4090596984431905,5.471334674658014,0.022773330996467424,5.399574690446327,5.472362512368823
2021-12-19,5.413,5.419,5.413877614309278,5.384304175937731,5.466714801351673,0.0301626606102689,5.381973944917975,5.4547617668404715
2021-12-26,5.41,5.413,5.409410698180501,5.388065544984892,5.447468389093478,0.021693678099730523,5.377507028789198,5.450294850711694
2022-01-02,5.426,5.41,5.407977086875171,5.383968168665091,5.450979047887663,0.024413878020532284,5.376305213135097,5.448861239406364
2022-01-09,5.492,5.426,5.430105884855331,5.408182112675412,5.469279942809446,0.022283531392410877,5.398434011115257,5.470990037386525
2022-01-16,5.638,5.492,5.512867910513105,5.4775415859213075,5.576524370105599,0.036264431290039,5.481196036773031,5.55792362459676
2022-01-23,5.646,5.638,5.687883448409538,5.661150378581741,5.738018377760855,0.028036520077940368,5.656211574669464,5.73637777306268
2022-01-30,5.646,5.646,5.664122686605018,5.640603065593506,5.705750648177426,0.023342972328969102,5.632450812864944,5.712617011258159
2022-02-06,5.653,5.646,5.651722123613542,5.628684039387874,5.692751845790419,0.023033860107687914,5.620050249873468,5.7002164482666835
2022-02-13,5.653,5.653,5.65688248982794,5.626252103666651,5.711735369031499,0.030744948014141505,5.627581933972821,5.705376814481081
2022-02-20,5.651,5.653,5.654225871594426,5.6301349920020565,5.697781953804718,0.024314755805726073,5.624925315739307,5.702720196247567
2022-02-27,5.668,5.651,5.650793985339349,5.6251042850047055,5.697513752875062,0.02599535559987428,5.62149342948423,5.69928830999249
2022-03-06,5.912,5.668,5.672976096977481,5.647615963854735,5.719323910368953,0.02578601049542267,5.643675541122362,5.721470421630622
2022-03-13,6.751,5.912,5.985926425949574,5.915870466586876,6.120153495944841,0.07523267688829216,5.956625870094455,6.03524945675748
2022-03-20,6.674,6.751,7.023137124100197,6.895190520355399,7.2785361642874955,0.09431931590711222,6.993836568245078,7.073334553126656
2022-03-27,6.73,6.674,6.588667955993956,6.42728179165272,6.92001397511775,0.097671650046657,6.556996082253882,6.638865385020415
2022-04-03,6.73,6.73,6.77049868225076,6.619652862102946,7.067294237431995,0.09027460668344534,6.7388268085106855,6.824522608439011
2022-04-10,6.722,6.73,6.718395106887595,6.346175722204951,7.478597321826238,0.22744019287835823,6.684777007754351,6.772419033075846
2022-04-17,6.733,6.722,6.723032981739803,6.605148308525064,6.932411281246739,0.08548212846042369,6.68941488260656,6.7770569079280545
2022-04-24,6.741,6.733,6.735856048027508,6.5838082920664425,7.017428044453049,0.11924884943522131,6.702237948894265,6.78987997421576
2022-05-01,6.775,6.741,6.74247399889326,6.6440182235226315,6.925389071575549,0.08133993730563652,6.7088558997600165,6.796497925081511
2022-05-08,6.97,6.775,6.784320322174449,6.671240491609786,6.997796173425171,0.09447046347360372,6.7507022230412055,6.8383442483627
2022-05-15,7.07,6.97,7.0232064920278,6.887696008160237,7.279745961674765,0.11286653243171324,6.989588392894556,7.080676270969998
2022-05-22,7.05,7.07,7.083408674756615,7.025900706074583,7.188941205115737,0.04752244994126836,7.049790575623372,7.1408784536988135
2022-05-29,7.01,7.05,7.040426747784605,6.959865824677435,7.189390532415194,0.06711384025868194,7.006267176861233,7.097896526726803
2022-06-05,7.01,7.01,7.001281218642815,6.920429128742265,7.155731084691513,0.0684158184281073,6.967121647719442,7.058750997585013
2022-06-12,7.03,7.01,7.012498365875069,6.925767968808622,7.17987625205361,0.07468364906676278,6.978338794951696,7.069968144817267
2022-06-19,7.68,7.03,7.035015091406054,6.9491925486601,7.2044565682018975,0.07631224743739592,7.0008555204826814,7.092484870348252
2022-06-26,7.67,7.68,7.86118111132634,7.720261419001256,8.118173349970428,0.10456850231770713,7.827021540402968,7.918693444905141
2022-07-03,7.63,7.67,7.667212598287287,7.546273643204958,7.862898866096814,0.0781083021046804,7.63120344476055,7.724724931866088
2022-07-10,7.58,7.63,7.618850393149148,7.463675868439699,7.874662305101852,0.10166812285785191,7.581690174023832,7.67636272672795
2022-07-17,7.55,7.58,7.566062991436436,7.406088011412028,7.845195035107091,0.11298617838599392,7.528336297677506,7.623575325015237
2022-07-24,7.51,7.55,7.54163779486186,7.460791372670126,7.700735513490253,0.06517525901978745,7.50391110110293,7.599150128440661
2022-07-31,7.47,7.51,7.498850393149148,7.376739545527373,7.746411127882508,0.10041039184892656,7.461123699390218,7.556362726727949
2022-08-07,7.31,7.47,7.458850393149148,7.381518072796312,7.605338186027536,0.06326948192840966,7.421123699390218,7.51636272672795
2022-08-14,7.13,7.31,7.265401572596593,7.0450091376750095,7.639989631052115,0.1567112506732248,7.226855981406734,7.322913906175394
2022-08-21,7.01,7.13,7.079826769171167,6.9816648179438605,7.249318646929614,0.07449382192435199,7.040447854874948,7.137339102749969
2022-08-28,6.99,7.01,6.976551179447444,6.8302174358833225,7.232167347488702,0.11284714427451972,6.936348120600419,7.034063513026245
2022-09-04,6.96,6.99,6.984425196574574,6.884189201349576,7.172314823866855,0.08388873230204652,6.94422213772755,7.041937530153376
2022-09-11,6.94,6.96,6.9516377948618615,6.81768359758507,7.200623695351918,0.11258329442576295,6.9114347360148365,7.0091501284406625
2022-09-18,6.82,6.94,6.934425196574575,6.871435050266364,7.049315900695511,0.052666866666403675,6.894222137727551,6.991937530153377
2022-09-25,6.73,6.82,6.791084061977868,6.746052784487765,6.873039148002015,0.037677696243848355,6.749892996647719,6.848596395556669
2022-10-02,6.66,6.73,6.708313046483401,6.592352461199757,6.917448189682522,0.09659202789099604,6.66627552016249,6.765825380062202
2022-10-09,6.65,6.66,6.643132369487089,6.513535351862129,6.873919870753439,0.10826338676501508,6.600806485384483,6.70064470306589
2022-10-16,6.72,6.65,6.647590338498156,6.536010661082678,6.839698355667661,0.09308088505388151,6.60526445439555,6.705102672076958
2022-10-23,6.68,6.72,6.736867630512911,6.638473613187805,6.907325637599971,0.0827388234120825,6.694541746410305,6.794741289394347
2022-10-30,6.71,6.68,6.670361353992622,6.607473419740124,6.779793556144256,0.053229138108545945,6.624974748764457,6.728235012874057
2022-11-06,6.71,6.71,6.7172289845055335,6.619300348157221,6.887712738872104,0.0829769695270283,6.6718423792773685,6.775102643386969
2022-11-13,6.69,6.71,6.71,6.6616962442415275,6.793674793784981,0.04111645338757425,6.664613394771835,6.767873658881435
2022-11-20,6.68,6.69,6.685180676996311,6.6277034806991,6.7843072063788465,0.048603383458705754,6.639794071768146,6.742693010575113
2022-11-27,6.67,6.68,6.677590338498155,6.571906317996459,6.860336607656717,0.0893398037813398,6.63220373326999,6.735102672076957
2022-12-04,6.63,6.67,6.667590338498155,6.57363414137244,6.832424680824823,0.08097094404570633,6.62220373326999,6.725102672076957
2022-12-11,6.48,6.63,6.620361353992623,6.57694392451609,6.696519242647896,0.03737330976092511,6.574974748764458,6.677873687571424
2022-12-18,6.42,6.48,6.443855077472334,6.305262264772238,6.6858607316415775,0.11943309728793249,6.393345784585512,6.501367411051136
2022-12-25,6.38,6.42,6.405132920109166,6.3415979852456115,6.512281220542887,0.054009838758359234,6.3546236272223435,6.462645253687967
2023-01-01,6.51,6.38,6.370088613406111,6.351831988194679,6.400924512536039,0.015495968344370508,6.3195793205192885,6.427600946984912
2023-01-08,6.47,6.51,6.54221200643014,6.506981469592036,6.601524210492795,0.03013254810792674,6.491702713543318,6.600085665311576
2023-01-15,6.43,6.47,6.460088613406111,6.385435086147033,6.5834867709612395,0.06366237854582829,6.405302028504533,6.517962272287546
2023-01-22,6.38,6.43,6.420088613406111,6.356070151312072,6.5254872912902915,0.054553919063861325,6.365302028504533,6.477962272287546
2023-01-29,6.39,6.38,6.367610766757639,6.3019519099441705,6.475641340652273,0.05598435547359097,6.312824181856061,6.425484425639074
2023-02-05,6.32,6.39,6.392477846648472,6.338806541151415,6.480812167455322,0.045768796091619365,6.337691261746894,6.450351505529907
2023-02-12,6.1,6.32,6.302655073460694,6.225240920073147,6.4286012305292175,0.06561609591370338,6.245168644080872,6.36052873234213
2023-02-19,6.05,6.1,6.045487373733609,5.939096349838555,6.218374195973103,0.08940821537947335,5.9869307802319,6.1033610326150445
2023-02-26,6.02,6.05,6.037610766757639,5.97874232339537,6.132081443519709,0.049884147957960104,5.979054173255928,6.095484425639074
2023-03-05,6.0,6.02,6.012566460054583,5.991839034604378,6.045808128695057,0.01752044584189857,5.954009866552873,6.070440118936019
2023-03-12,5.97,6.0,5.995044306703056,5.940938553245544,6.081846247234338,0.04575378383418379,5.9364877132013465,6.052917965584491
2023-03-19,5.94,5.97,5.962566460054583,5.909040058006746,6.0484957237339385,0.04522137160628377,5.904009866552872,6.020440118936018
2023-03-26,5.86,5.94,5.932524045210762,5.817455470786401,6.117514185269057,0.09712926188962209,5.873967451709053,5.990397704092198
2023-04-02,5.84,5.86,5.840064120562032,5.7913075837853905,5.917830801493056,0.04117861057250983,5.780018110194755,5.897937779443468
2023-04-09,5.83,5.84,5.835016030140507,5.792612702933133,5.903038926177878,0.03578488676398972,5.77497001977323,5.892889689021943
2023-04-16,5.79,5.83,5.827508015070254,5.746850853822927,5.95780040493688,0.06805135758028175,5.767462004702977,5.88538167395169
2023-04-23,5.77,5.79,5.780032060281016,5.75012699536562,5.828264363646153,0.025298714133045193,5.7199860499137385,5.8379057191624515
2023-04-30,5.7,5.77,5.765016030140507,5.728672526671462,5.8240300481545555,0.030780301142279174,5.70497001977323,5.822889689021943
2023-05-07,5.57,5.7,5.682556105491778,5.639580620343601,5.7499106260191715,0.03568012760453412,5.619506059432591,5.740429764373213
2023-05-14,5.46,5.57,5.5376041959133016,5.466870325316843,5.646183608071061,0.05915225558033245,5.470233329427509,5.595477854794737
2023-05-21,5.24,5.46,5.432588165772794,5.394698706587782,5.490383303588184,0.031536300450254684,5.365217299287001,5.490461824654229
2023-05-28,5.16,5.24,5.185176331545588,5.14682400929235,5.240598964518706,0.03194874527882827,5.115400095544465,5.243049990427023
2023-06-04,5.13,5.16,5.140064120562032,5.1066348598709945,5.188489516812628,0.02787199760403723,5.072693254076239,5.197937779443468
2023-06-11,5.1,5.13,5.122524045210762,5.0901992438554995,5.169601026868836,0.026933498906242664,5.055153178724969,5.180397704092197
2023-06-18,5.05,5.1,5.092524045210761,5.052247772292459,5.151380623925767,0.03362252441953726,5.029473999151574,5.150397704092197
2023-06-25,5.04,5.05,5.036415696539788,5.005539315267776,5.080596575328753,0.02531258486796173,4.973365650480601,5.094289355421224
2023-07-02,5.02,5.04,5.037283139307958,4.981854998566971,5.116995414696408,0.04527303797290175,4.97723712894068,5.095156798189393
2023-07-09,5.01,5.02,5.014566278615915,4.981802273284044,5.061729494428203,0.026696547321834324,4.954520268248637,5.07243993749735
2023-07-16,4.99,5.01,5.007283139307957,4.952364608554611,5.086412735199018,0.04452922980328761,4.94723712894068,5.065156798189393
2023-07-23,4.98,4.99,4.984566278615915,4.953618969957267,5.029123901879769,0.025092230065360373,4.924520268248638,5.042439937497351
2023-07-30,5.0,4.98,4.977283139307958,4.934702185811805,5.038681395334665,0.03448498108068057,4.91723712894068,5.035156798189393
2023-08-06,5.08,5.0,5.005433721384085,4.965871943760644,5.062537341821218,0.03210424915399118,4.945387711016807,5.06330738026552
2023-08-13,5.5,5.08,5.101734885536339,5.041615516745629,5.18999428462346,0.049342464096061606,5.041688875169061,5.1617936437761855
2023-08-20,6.05,5.5,5.614108149065779,5.574111394946108,5.674619270649565,0.03396378565208326,5.554062138698502,5.681260037389036
2023-08-27,6.13,6.05,6.199427338062329,6.147727425921203,6.278206111953381,0.046229006801141406,6.139381327695052,6.272915308121209
2023-09-03,6.18,6.13,6.151734885536339,6.085038041975747,6.249980996018992,0.05799919819232512,6.0886848394771516,6.225222855595218
2023-09-10,6.2,6.18,6.193584303460211,6.121927336682685,6.299229181934806,0.06238222550674455,6.130534257401024,6.267072273519091
2023-09-17,6.22,6.2,6.205433721384085,6.114447254261997,6.339689292358592,0.07922070814041943,6.142383675324898,6.278921691442965
2023-09-24,6.22,6.22,6.226727192380562,6.1683900438054335,6.312074430047227,0.050664256154488184,6.163677146321374,6.300215162439441
2023-10-01,6.22,6.22,6.22,6.1691779253393575,6.294500500154505,0.04428202302139674,6.156949953940813,6.293487970058879
2023-10-08,6.2,6.22,6.22,6.1476684473970895,6.326224196104318,0.06304703204760713,6.156949953940813,6.293487970058879
2023-10-15,6.18,6.2,6.193272807619438,6.112605649311055,6.310898552478909,0.07008321156523017,6.130222761560251,6.266760777678318
2023-10-22,6.25,6.18,6.173272807619437,6.096682558539378,6.283472373458776,0.06601225887580923,6.11022276156025,6.240424695942693
2023-10-29,6.26,6.25,6.273545173331968,6.223676270272408,6.344977951120661,0.04306146324826337,6.210495127272781,6.347033143390847
2023-11-05,6.24,6.26,6.263363596190281,6.181164983707487,6.380866168571513,0.07075408461121799,6.200313550131094,6.336851566249161
2023-11-12,6.21,6.24,6.233272807619438,6.183291166002085,6.304800961241579,0.0432720641241386,6.170222761560251,6.306760777678318
2023-11-19,6.18,6.21,6.199909211429157,6.104989153126715,6.335635660521503,0.08213474051456934,6.13685916536997,6.2670610997524125
2023-11-26,6.16,6.18,6.1699092114291565,6.106603429243606,6.261754894756818,0.056151502988419144,6.106859165369969,6.237061099752413
2023-12-03,6.13,6.16,6.153272807619438,6.105610323583976,6.222429951250544,0.0422301981029161,6.090222761560251,6.220424695942695
2023-12-10,6.06,6.13,6.119909211429157,6.077542891481553,6.181236324591412,0.03750046462379628,6.0568591653699695,6.1870610997524125
2023-12-17,5.98,6.06,6.036454826668032,5.974179990772057,6.125234111325341,0.054908689755019495,5.973404780608845,6.1036067149912885
2023-12-24,5.94,5.98,5.952949537325958,5.904342615892701,6.021881191172451,0.042878571659341336,5.889899491266771,6.020101425649214
2023-12-31,5.97,5.94,5.926474768662979,5.871040155912709,6.005054613323072,0.04893118242210903,5.863424722603792,5.993626656986235
2024-01-07,5.98,5.97,5.980143923502766,5.918613134285924,6.066899290005046,0.05433327937373831,5.917093877443579,6.047295811826022
2024-01-14,5.94,5.98,5.983381307834256,5.935034748230651,6.051508548306073,0.042775051499780545,5.920331261775069,6.050533196157513
2024-01-21,5.91,5.94,5.926474768662979,5.881713328233459,5.9891628950651565,0.03964063015014237,5.863424722603792,5.993626656986235
2024-01-28,5.92,5.91,5.899856076497234,5.847626985373389,5.972535156852532,0.04622143639674235,5.836806030438047,5.967007964820491
2024-02-04,5.98,5.92,5.923381307834255,5.867300590983735,6.000787541835919,0.04956471303145152,5.860331261775068,5.990533196157511
2024-02-11,5.97,5.98,6.0002878470055325,5.937538236255584,6.08630510011895,0.05554707230505265,5.937237800946345,6.067439735328788
2024-02-18,5.97,5.97,5.966618692165744,5.898864075420883,6.059391640674456,0.059869450703310775,5.903568646106557,6.033770580489
2024-02-25,5.96,5.97,5.97,5.9438496031634225,6.0057960132602455,0.023032548354069204,5.906949953940813,6.029709015786258
2024-03-03,5.95,5.96,5.956618692165745,5.938022734482407,5.98212104554388,0.01639106990383472,5.893568646106558,6.016327707952003
2024-03-10,5.92,5.95,5.946618692165745,5.931201167718206,5.967777136226202,0.013585132476462251,5.883568646106558,6.006327707952003
2024-03-17,5.93,5.92,5.909856076497234,5.893823776334824,5.931639730797439,0.014011712428487377,5.846806030438047,5.969565092283492
2024-03-24,5.92,5.93,5.93337197164646,5.908156536881018,5.967616617665973,0.02205151962079159,5.870321925587273,5.993080987432718
2024-03-31,5.93,5.92,5.91662802835354,5.898146255501543,5.94176861392181,0.016172565518993667,5.853577982294353,5.9763370441397985
2024-04-07,5.93,5.93,5.93337197164646,5.908348910918769,5.96744582772868,0.021913121153686703,5.870321925587273,5.993080987432718
2024-04-14,5.94,5.93,5.93,5.858299127225864,6.028019549506279,0.06286016646764034,5.8669499539408125,5.989709015786257
2024-04-21,5.96,5.94,5.94337197164646,5.916125262907473,5.980622300551863,0.023794112289489265,5.880321925587273,6.003080987432718
2024-04-28,5.96,5.96,5.966743943292919,5.926989059533984,6.02105205254339,0.034743632430723134,5.903693897233731,6.026452959079176
2024-05-05,5.96,5.96,5.96,5.9460196320187055,5.9790165168850695,0.012144551036217935,5.896949953940813,6.017481361791244
2024-05-12,5.95,5.96,5.96,5.89012550571556,6.054546906652566,0.060360882087958125,5.896949953940813,6.017481361791244
2024-05-19,5.93,5.95,5.94662802835354,5.92477820154393,5.97617194322704,0.018826967017306732,5.883577982294353,6.004109390144784
2024-05-26,5.93,5.93,5.923256056707081,5.896928930781323,5.958778978643975,0.0226781398522499,5.860206010647894,5.980737418498325
2024-06-02,5.92,5.93,5.93,5.893874803311004,5.978618655080647,0.030990166898839225,5.8669499539408125,5.987481361791243
2024-06-09,5.92,5.92,5.91662802835354,5.887806051279113,5.9553909209238425,0.024648538547304227,5.853577982294353,5.974109390144784
2024-06-16,5.94,5.92,5.92,5.901722675506221,5.944606927433353,0.01559750890558391,5.856949953940813,5.977481361791243
2024-06-23,5.94,5.94,5.946742024373795,5.896508215958103,6.014344097467904,0.04297650153971348,5.883691978314608,6.004223386165039
2024-06-30,5.96,5.94,5.94,5.879965329172623,6.021150253438711,0.05132367346541186,5.876949953940813,5.997481361791245
2024-07-07,6.01,5.96,5.966742024373794,5.935319874827452,6.00926165263218,0.026830439648520957,5.9036919783146065,6.024223386165037
2024-07-14,6.04,6.01,6.026855060934485,6.012458327010134,6.046593835342666,0.012324532048630939,5.963805014875298,6.084336422725729
2024-07-21,6.03,6.04,6.050113036560691,6.02360761168629,6.086435647012612,0.02272024199341132,5.987062990501504,6.107594398351935
2024-07-28,6.03,6.03,6.026628987813103,6.011413521496311,6.04747630586546,0.013053671197958498,5.963578941753916,6.084110349604346
2024-08-04,6.03,6.03,6.03,5.9992609459037025,6.072127697399192,0.026353335033221733,5.966949953940813,6.087481361791244
2024-08-11,6.02,6.03,6.03,6.005453441957449,6.063658332616783,0.020972450899297543,5.966949953940813,6.087481361791244
