step,target,prediction_naive,error_naive,prediction_variable,error_variable,beta_variable,rules_variable,dictionary_total_variable,prediction_fixed,error_fixed,beta_fixed,rules_fixed,dictionary_total_fixed
0,0.42761792699386075,0.5,-0.07238207300613925,0.0,0.42761792699386075,0.18,1,1,0.0,0.42761792699386075,0.18,1,1
1,0.40553832306913457,0.42761792699386075,-0.022079603924726188,0.3939846854671963,0.011553637601938282,0.1404,1,2,0.3939846854671963,0.011553637601938282,0.18,1,2
2,0.46180537454104925,0.40553832306913457,0.056267051471914686,0.38898726939134654,0.07281810514970272,0.156,1,3,0.38898726939134654,0.07281810514970272,0.18,1,3
3,0.47800095527452335,0.46180537454104925,0.016195580733474102,0.4385312824114277,0.03946967286309566,0.12168000000000001,1,4,0.4385312824114277,0.03946967286309566,0.18,1,4
4,0.4170587793411626,0.47800095527452335,-0.060942175933360765,0.44564532886766517,-0.02858654952650258,0.0949104,1,4,0.44564532886766517,-0.02858654952650258,0.18,1,4
5,0.44450183848755437,0.4170587793411626,0.02744305914639178,0.4431887416152759,0.0013130968722784853,0.07403011200000001,1,4,0.4431887416152759,0.0013130968722784853,0.18,1,4
6,0.49131696240956735,0.44450183848755437,0.04681512392201298,0.4464566686387515,0.04486029377081585,0.08225568000000001,1,5,0.4464566686387515,0.04486029377081585,0.18,1,5
7,0.49109201866054303,0.49131696240956735,-0.00022494374902432002,0.4345756183799886,0.056516400280554435,0.09139520000000001,1,5,0.4345756183799886,0.056516400280554435,0.18,1,5
8,0.5092377525939168,0.49109201866054303,0.018145733933373764,0.4509140220589626,0.05832373053495421,0.10155022222222224,1,5,0.4509140220589626,0.05832373053495421,0.18,1,5
9,0.4987446087437519,0.5092377525939168,-0.010493143850164866,0.4563181308751647,0.04242647786858722,0.11283358024691359,1,5,0.4563181308751647,0.04242647786858722,0.18,1,5
10,0.5521931486741094,0.4987446087437519,0.053448539930357475,0.47089940420500964,0.08129374446909976,0.12537064471879286,1,5,0.47089940420500964,0.08129374446909976,0.18,1,5
11,0.5594871547518174,0.5521931486741094,0.007294006077708026,0.46246308563732913,0.0970240691144883,0.1393007163542143,1,5,0.46246308563732913,0.0970240691144883,0.18,1,5
12,0.5511968781843164,0.5594871547518174,-0.008290276567501031,0.5064042203470345,0.044792657837281924,0.15477857372690476,1,5,0.5064042203470345,0.044792657837281924,0.18,1,5
13,0.5868743346309725,0.5511968781843164,0.0356774564466561,0.526410508108851,0.060463826522121455,0.17197619302989417,1,5,0.526410508108851,0.060463826522121455,0.18,1,5
14,0.5791464944654536,0.5868743346309725,-0.007727840165518862,0.5490661576201201,0.03008033684533351,0.13414143056331745,1,5,0.5490661576201201,0.03008033684533351,0.18,1,5
15,0.5543360426265486,0.5791464944654536,-0.024810451838905068,0.562056174489008,-0.007720131862459456,0.10463031583938762,1,5,0.562056174489008,-0.007720131862459456,0.18,1,5
16,0.5929678451148206,0.5543360426265486,0.03863180248827203,0.5531174331125748,0.039850412002245816,0.08161164635472234,1,5,0.5531174331125748,0.039850412002245816,0.18,1,5
17,0.5672570314388152,0.5929678451148206,-0.025710813676005362,0.5679365457989977,-0.0006795143601824316,0.06365708415668343,1,5,0.5679365457989977,-0.0006795143601824316,0.18,1,5
18,0.6201990866802275,0.5672570314388152,0.05294205524141227,0.5650286575370049,0.055170429143222566,0.07073009350742604,1,5,0.5650286575370049,0.055170429143222566,0.18,1,5
19,0.6035078350770423,0.6201990866802275,-0.016691251603185187,0.5687747529189614,0.03473308215808091,0.055169472935792316,1,5,0.5687747529189614,0.03473308215808091,0.18,1,5
20,0.6061440580201334,0.6035078350770423,0.002636222943091071,0.5845395782626064,0.021604479757526995,0.043032188889918006,1,6,0.5845395782626064,0.021604479757526995,0.18,1,6
21,0.5992269524863005,0.6061440580201334,-0.006917105533832846,0.6025558187026274,-0.0033288662163268867,0.03356510733413605,1,6,0.6025558187026274,-0.0033288662163268867,0.18,1,6
22,0.6517581426266934,0.5992269524863005,0.05253119014039287,0.6017058396034428,0.05005230302325059,0.03729456370459561,2,7,0.6017058396034428,0.05005230302325059,0.18,1,6
23,0.6217220253092455,0.6517581426266934,-0.03003611731744793,0.6111916254724183,0.010530399836827131,0.029089759689584573,2,8,0.6098533251743569,0.01186870013488861,0.18,1,7
24,0.6187018703812147,0.6217220253092455,-0.0030201549280307605,0.6262076161999593,-0.007505745818744636,0.022690012557875967,2,9,0.6209831731397655,-0.002281302758550763,0.18,1,8
25,0.6238551537917114,0.6187018703812147,0.005153283410496701,0.6226953159055633,0.0011598378861481518,0.017698209795143256,2,9,0.6220873824435359,0.0017677713481755175,0.18,1,8
26,0.6486293309375908,0.6238551537917114,0.024774177145879372,0.6206615361101044,0.027967794827486347,0.01380460364021174,2,9,0.6247203119020014,0.023909019035589396,0.18,1,8
27,0.6465281638804955,0.6486293309375908,-0.002101167057095288,0.6126609801859313,0.03386718369456421,0.010767590839365158,2,9,0.629881489846104,0.016646674034391462,0.18,1,8
28,0.6491824920576698,0.6465281638804955,0.002654328177174259,0.6181366828396448,0.03104580921802491,0.01,2,9,0.6349542955690826,0.014228196488587197,0.18,1,8
29,0.6505044180384109,0.6491824920576698,0.001321925980741101,0.6191881065982956,0.03131631144011526,0.01,2,9,0.6383824056971685,0.012122012341242328,0.18,1,8
30,0.693540007086376,0.6505044180384109,0.04303558904796512,0.6204130683354734,0.07312693875090259,0.011111111111111112,2,9,0.6412730638147695,0.052266943271606525,0.18,1,8
31,0.6294978444894471,0.693540007086376,-0.06404216259692885,0.5943238757427693,0.035173968746677775,0.01,2,10,0.6361076607991432,-0.006609816309696037,0.18,1,9
32,0.6259069706940248,0.6294978444894471,-0.0035908737954223335,0.6294225241039534,-0.0035155534099285957,0.01,2,11,0.6461791785731136,-0.02027220787908879,0.18,1,10
33,0.6168215574248553,0.6259069706940248,-0.009085413269169451,0.628664688264571,-0.011843130839715665,0.01,2,11,0.6525366418378226,-0.035715084412967224,0.18,1,10
34,0.6504204739819527,0.6168215574248553,0.03359891655709735,0.6245125594327489,0.025907914549203825,0.01,2,11,0.6456800120433097,0.00474046193864297,0.18,1,10
35,0.6605085881520403,0.6504204739819527,0.010088114170087592,0.6259299047411948,0.03457868341084547,0.01,2,12,0.6538301625130623,0.006678425638978025,0.18,1,11
36,0.6261145989097371,0.6605085881520403,-0.03439398924230319,0.6235573774480823,0.002557221461654824,0.01,2,12,0.6564959906782696,-0.030381391768532495,0.18,1,11
37,0.6040632307002531,0.6261145989097371,-0.022051368209483946,0.6278125829283383,-0.023749352228085163,0.01,2,12,0.6545729000599141,-0.05050966935966095,0.18,1,11
38,0.5999945459430209,0.6040632307002531,-0.0040686847572322105,0.6172607167365032,-0.01726617079348225,0.01,2,13,0.6375127927432749,-0.03751824680025395,0.18,1,12
39,0.6318586833718366,0.5999945459430209,0.031864137428815664,0.6110104786282313,0.02084820474360527,0.01,2,13,0.6288696640983196,0.002989019273517024,0.18,1,12
40,0.6286241558382494,0.6318586833718366,-0.003234527533587217,0.6232544576729753,0.005369698165274106,0.01,2,13,0.6453245174966525,-0.016700361658403162,0.18,1,12
41,0.6175475253444028,0.6286241558382494,-0.011076630493846551,0.6219076421827698,-0.004360116838367012,0.01,2,14,0.6421564836509399,-0.024608958306537088,0.18,1,13
42,0.5807504405772796,0.6175475253444028,-0.03679708476712318,0.61777365976369,-0.03702321918641038,0.01,2,14,0.6338082986296427,-0.05305785805236307,0.18,1,13
43,0.5961234905269502,0.5807504405772796,0.015373049949670592,0.5924555680679506,0.0036679224589996062,0.01,2,15,0.5973320631950156,-0.0012085726680653996,0.18,1,14
44,0.5856990922868409,0.5961234905269502,-0.010424398240109323,0.6045133477266929,-0.018814255439851935,0.01,2,15,0.6093646517912207,-0.023665559504379763,0.18,1,14
45,0.5802636131263144,0.5856990922868409,-0.005435479160526557,0.5954628145346834,-0.015199201408369056,0.01,2,15,0.595338776231979,-0.01507516310566459,0.18,1,14
46,0.5881705096467278,0.5802636131263144,0.007906896520413431,0.5900044065084974,-0.0018338968617696016,0.01,2,15,0.5863694072688661,0.0018011023778616853,0.18,1,14
47,0.5631601637244311,0.5881705096467278,-0.025010345922296673,0.5959585438334356,-0.03279838010900449,0.01,2,15,0.5926304460615905,-0.029470282337159426,0.18,1,14
48,0.565349952638311,0.5631601637244311,0.0021897889138798865,0.5723114977474535,-0.006961545109142486,0.01,2,16,0.5624765805391132,0.002873372099197802,0.18,1,15
49,0.540520085716851,0.565349952638311,-0.024829866921460053,0.5751082492692943,-0.03458816355244332,0.01,2,16,0.5638938033126344,-0.02337371759578344,0.18,1,15
50,0.5361850218749852,0.540520085716851,-0.004335063841865772,0.5467223079857882,-0.010537286110803068,0.01,2,17,0.5319256866349933,0.0042593352399918905,0.18,1,16
51,0.5345657788555143,0.5361850218749852,-0.0016192430194709173,0.5449798818401248,-0.01041410298461054,0.01,2,17,0.5274319747842922,0.007133804071222105,0.18,1,16
52,0.47190932366937116,0.5345657788555143,-0.0626564551861431,0.5453166052815233,-0.0734072816121521,0.011111111111111112,2,17,0.5255515248713103,-0.05364220120193913,0.18,1,16
53,0.48965794399481816,0.47190932366937116,0.017748620325446995,0.4602302585882423,0.029427685406575865,0.01,2,18,0.44627104137593565,0.043386902618882506,0.18,1,17
54,0.47498819141024295,0.48965794399481816,-0.014669752584575202,0.4745655706700335,0.00042262074020943396,0.01,2,18,0.48559985133041395,-0.01061165992017099,0.18,1,17
55,0.459689630139873,0.47498819141024295,-0.015298561270369937,0.43968211844512073,0.02000751169475229,0.01,2,18,0.4698379903357375,-0.010148360195864459,0.18,1,17
56,0.4575438866006936,0.459689630139873,-0.002145743539179401,0.41159571647158255,0.045948170129111066,0.011111111111111112,3,19,0.453777548270031,0.003766338330662644,0.18,1,17
57,0.4904345745679459,0.4575438866006936,0.03289068796725231,0.4242815345980836,0.06615303996986233,0.012345679012345678,3,19,0.45133991796515505,0.03909465660279088,0.18,1,17
58,0.41996286611160344,0.4904345745679459,-0.07047170845634249,0.4561362060893288,-0.03617333997772537,0.01,3,20,0.4799998646998547,-0.060036998588251234,0.18,1,18
59,0.45430372979534367,0.41996286611160344,0.03434086368374023,0.38811913871839765,0.06618459107694602,0.011111111111111112,3,21,0.4242428472723041,0.030060882523039567,0.18,1,19
60,0.37648536337405625,0.45430372979534367,-0.07781836642128742,0.41878434947659304,-0.042298986102536795,0.012345679012345678,3,21,0.4522686693889584,-0.07578330601490213,0.18,1,20
61,0.39864929004276095,0.37648536337405625,0.022163926668704703,0.3409840475147822,0.05766524252797878,0.013717421124828532,3,22,0.40028135180655955,-0.001632061763798598,0.18,1,20
62,0.39959027259802754,0.39864929004276095,0.0009409825552665896,0.3562817909893897,0.04330848160863782,0.015241579027587257,3,23,0.40845325894087203,-0.008862986342844492,0.18,1,20
63,0.398744408817603,0.39959027259802754,-0.0008458637804245606,0.3533064811329826,0.045437927684620405,0.016935087808430286,3,23,0.4043975957881205,-0.005653186970517532,0.18,1,20
64,0.3905357608718674,0.398744408817603,-0.008208647945735559,0.3495530761508423,0.04098268472102512,0.018816764231589206,3,23,0.4004000662839091,-0.009864305412041696,0.18,1,20
65,0.3813850592264837,0.3905357608718674,-0.00915070164538373,0.3378417853712967,0.04354327385518697,0.020907515812876896,3,23,0.39190702397567906,-0.010521964749195367,0.18,1,20
66,0.3417904065721583,0.3813850592264837,-0.03959465265432538,0.3250618553105158,0.01672855126164252,0.01630786233404398,3,23,0.3823928186703714,-0.04060241209821308,0.18,1,20
67,0.328098160808038,0.3417904065721583,-0.013692245764120314,0.27493272006894975,0.05316544073908824,0.018119847037826643,3,24,0.3429974243333582,-0.014899263525320228,0.18,1,21
68,0.3504759098278611,0.328098160808038,0.02237774901982309,0.2566149588505165,0.09386095097734459,0.020133163375362934,3,24,0.32890810323287534,0.02156780659498575,0.18,1,21
69,0.3138638558344922,0.3504759098278611,-0.036612053993368865,0.2863084584554179,0.02755539737907431,0.01570386743278309,3,24,0.3498712380258596,-0.0360073821913674,0.18,1,21
70,0.2766532209038731,0.3138638558344922,-0.0372106349306191,0.24204158051243746,0.03461164039143566,0.01224901659757081,3,25,0.31181992312352813,-0.03516670221965501,0.18,1,22
71,0.27041887960533006,0.2766532209038731,-0.006234341298543056,0.19822330059085486,0.07219557901447521,0.013610018441745345,3,26,0.25793524913359916,0.0124836304717309,0.18,1,23
72,0.26630415743968167,0.27041887960533006,-0.004114722165648399,0.20015585194573193,0.06614830549394973,0.015122242713050384,3,26,0.25380414411842905,0.012500013321252612,0.18,1,23
73,0.2926186506847375,0.26630415743968167,0.02631449324505586,0.1984831746104011,0.09413547607433642,0.016802491903389314,3,26,0.25206042073649404,0.040558229948243485,0.18,1,23
74,0.27503425482574495,0.2926186506847375,-0.017584395858992574,0.2247334464654878,0.05030080836025716,0.01866943544821035,3,26,0.28576718702663095,-0.010732932200886003,0.18,1,23
75,0.2804285263006824,0.27503425482574495,0.005394271474937429,0.20783161279729157,0.07259691350339081,0.020743817164678165,3,26,0.266426515622482,0.014002010678200394,0.18,1,23
76,0.2446095236582115,0.2804285263006824,-0.03581900264247087,0.2121096162131486,0.0324999074450629,0.016180177388448968,3,26,0.2716886283242841,-0.02707910466607258,0.18,1,23
77,0.2518321223503988,0.2446095236582115,0.007222598692187304,0.18017038815970737,0.07166173419069144,0.017977974876054407,3,26,0.2321110473823733,0.019721074968025526,0.18,1,24
78,0.25655995184152713,0.2518321223503988,0.004727829491128321,0.18615905436543562,0.07040089747609152,0.019975527640060452,3,26,0.24223144111237027,0.014328510729156863,0.18,1,24
79,0.2267309868513597,0.25655995184152713,-0.029828964990167434,0.18944426850449403,0.03728671834686567,0.015580911559247153,3,26,0.24729050282808474,-0.020559515976725035,0.18,1,24
80,0.2399391541992827,0.2267309868513597,0.013208167347922989,0.16459988634569228,0.07533926785359041,0.01731212395471906,4,27,0.21583588646883048,0.02410326773045221,0.18,1,25
81,0.20655377479934853,0.2399391541992827,-0.03338537939993416,0.19174473592033617,0.01480903887901236,0.013503456684680866,4,27,0.23193791099076727,-0.025384136191418744,0.18,1,25
82,0.20914966638176974,0.20655377479934853,0.0025958915824212114,0.1692159093783766,0.03993375700339313,0.010532696214051077,4,28,0.19766518127736965,0.011484485104400088,0.18,1,26
83,0.2043620139498006,0.20914966638176974,-0.0047876524319691305,0.16898957740981987,0.035372436539980734,0.01,4,28,0.20301710477196858,0.0013449091778320321,0.18,1,26
84,0.18025617026483812,0.2043620139498006,-0.02410584368496249,0.16469453118586183,0.015561639078976286,0.01,4,28,0.19848255690097694,-0.01822638663613882,0.18,1,26
85,0.21915075540326173,0.18025617026483812,0.038894585138423615,0.1486550092245845,0.07049574617867724,0.011111111111111112,4,29,0.17366870213821622,0.04548205326504551,0.18,1,27
86,0.19265198952795273,0.21915075540326173,-0.026498765875309,0.1696460168859913,0.023005972641961442,0.01,4,29,0.2116863895803453,-0.01903440005239257,0.18,1,27
87,0.20270345533178913,0.19265198952795273,0.010051465803836396,0.15479936172668088,0.04790409360510825,0.011111111111111112,4,29,0.1922345973612446,0.010468857970544532,0.18,1,27
88,0.21301276645731249,0.20270345533178913,0.010309311125523357,0.15903523371333217,0.05397753274398032,0.012345679012345678,4,29,0.19881383713808082,0.014198929319231668,0.18,1,27
89,0.2113631653842406,0.21301276645731249,-0.0016496010730718824,0.16360705980327583,0.04775610558096477,0.013717421124828532,4,29,0.20505801306083532,0.006305152323405283,0.18,1,27
90,0.2166452740664624,0.2113631653842406,0.005282108682221787,0.1621101301310537,0.0545351439354087,0.015241579027587257,4,29,0.2035785425464273,0.013066731520035096,0.18,1,27
91,0.19796476480807926,0.2166452740664624,-0.018680509258383132,0.16405396365076114,0.03391080115731812,0.01188843164151806,4,30,0.20627407477703963,-0.008309309968960371,0.18,1,28
92,0.19086504922312883,0.19796476480807926,-0.007099715584950428,0.153980359933433,0.03688468928969582,0.01,4,31,0.19294585584859397,-0.0020808066254651425,0.18,1,29
93,0.20107669728238042,0.19086504922312883,0.010211648059251593,0.14888938000244872,0.0521873172799317,0.011111111111111112,4,31,0.18792734443475745,0.013149352847622975,0.18,1,29
94,0.1631055128965667,0.20107669728238042,-0.03797118438581373,0.1530468590121993,0.010058653884367386,0.01,4,31,0.1922495737126183,-0.029144060816051615,0.18,1,29
95,0.17192125063575733,0.1631055128965667,0.008815737739190643,0.13141402566141935,0.04050722497433798,0.011111111111111112,4,32,0.17292483948685847,-0.0010035888511011337,0.18,1,30
96,0.17842499362966727,0.17192125063575733,0.006503742993909933,0.13348099321170603,0.04494400041796123,0.012345679012345678,4,32,0.17591409745394304,0.0025108961757242254,0.18,1,30
97,0.19052862753237743,0.17842499362966727,0.01210363390271016,0.13584548483639985,0.05468314269597757,0.013717421124828532,4,32,0.1768876530866456,0.013640974445731813,0.18,1,30
98,0.22998444139295132,0.19052862753237743,0.039455813860573896,0.1416040558254271,0.08838038556752423,0.015241579027587257,4,32,0.18072580759354223,0.04925863379940909,0.18,1,30
99,0.2024339009701593,0.22998444139295132,-0.027550540422792036,0.16179371975368012,0.040640181216479165,0.016935087808430286,4,33,0.1976811769192882,0.004752724050871099,0.18,1,30
100,0.22123412496873848,0.2024339009701593,0.018800223998579196,0.14739904904595685,0.07383507592278163,0.018816764231589206,4,33,0.18506200911077955,0.03617211585795893,0.18,1,30
101,0.2693072665669095,0.22123412496873848,0.048073141598171026,0.1568175432801927,0.1124897232867168,0.020907515812876896,4,33,0.19561677264925018,0.07369049391765933,0.18,1,30
102,0.2345624938318271,0.2693072665669095,-0.03474477273508242,0.18510262045596632,0.049459873375860774,0.023230573125418773,4,34,0.23380867072769207,0.0007538231041350207,0.18,1,30
103,0.26903539718415825,0.2345624938318271,0.03447290335233116,0.16725623129268313,0.10177916589147512,0.02581174791713197,4,34,0.21680436454693014,0.052231032637228114,0.18,1,30
104,0.23485174157796057,0.26903539718415825,-0.03418365560619768,0.18724248610703886,0.04760925547092171,0.028679719907924412,4,34,0.24491277667719152,-0.010061035099230953,0.18,1,30
105,0.26109627751374964,0.23485174157796057,0.02624453593578907,0.167550453631828,0.09354582388192165,0.03186635545324935,4,34,0.22478459643838672,0.03631168107536292,0.18,1,30
106,0.2509449259869848,0.26109627751374964,-0.010151351526764829,0.18168286588172033,0.06926206010526448,0.03540706161472149,4,34,0.2438281599963633,0.007116765990621526,0.18,1,30
107,0.2750828452330853,0.2509449259869848,0.02413791924610048,0.1757988765772831,0.09928396865580219,0.03934117957191277,4,35,0.239746913504078,0.035335931729007286,0.18,1,30
108,0.3138051092922227,0.2750828452330853,0.03872226405913742,0.1884651567635034,0.12533995252871932,0.043712421746569745,4,35,0.25746593151110725,0.05633917778111547,0.18,1,30
109,0.25920323941082163,0.3138051092922227,-0.05460186988140109,0.2093244770670829,0.049878762343738725,0.048569357496188605,4,36,0.28326942571496594,-0.02406618630414431,0.18,1,30
110,0.3231594034407303,0.25920323941082163,0.06395616402990867,0.181028748682563,0.1421306547581673,0.053965952773542894,4,36,0.2555452019766714,0.06761420146405889,0.18,1,30
111,0.32845119981848253,0.3231594034407303,0.005291796377752234,0.2124763747580568,0.11597482506042572,0.05996216974838099,4,36,0.2872199562051024,0.04123124361338015,0.18,1,30
112,0.318131394239375,0.32845119981848253,-0.010319805579107555,0.218790204771198,0.09934118946817697,0.06662463305375665,4,36,0.29789127233663515,0.020240121902739827,0.18,1,30
113,0.30755052846045533,0.318131394239375,-0.010580865778919646,0.21414095615793216,0.09340957230252317,0.07402737005972962,4,36,0.2988095038399461,0.008741024620509241,0.18,1,30
114,0.35643204567998116,0.30755052846045533,0.04888151721952583,0.20784913968681396,0.1485829059931672,0.08225263339969957,3,36,0.296406394473746,0.06002565120623515,0.18,1,30
115,0.35249825006319513,0.35643204567998116,-0.003933795616786029,0.2755478027518415,0.07695044731135364,0.09139181488855508,3,37,0.31710579387988747,0.03539245618330766,0.18,1,30
116,0.3828085894418663,0.35249825006319513,0.03031033937867117,0.2913003883810013,0.09150820106086499,0.10154646098728341,3,37,0.32604099118682267,0.05676759825504363,0.18,1,30
117,0.38891247957305947,0.3828085894418663,0.006103890131193168,0.3091625684067867,0.07974991116627278,0.11282940109698157,3,37,0.3471038388317181,0.041808640741341385,0.18,1,30
118,0.4398722084323471,0.38891247957305947,0.05095972885928762,0.31045790435639975,0.12941430407594734,0.1253660012188684,3,37,0.36567360714580666,0.07419860128654043,0.18,1,30
119,0.4053609274970446,0.4398722084323471,-0.03451128093530248,0.31823175582014807,0.08712917167689654,0.13929555690985376,2,38,0.4047419070718724,0.0006190204251722009,0.18,1,30
120,0.3972982852885029,0.4053609274970446,-0.008062642208541693,0.31853748054892894,0.07876080473957398,0.15477284101094863,2,38,0.39521141056042064,0.0020868747280822775,0.18,1,30
121,0.43890057528085075,0.3972982852885029,0.04160228999234783,0.31213271064702575,0.126767864633825,0.17196982334549846,2,38,0.3926328401431397,0.04626773513771104,0.18,1,30
122,0.4514118775500596,0.43890057528085075,0.01251130226920888,0.331661863647537,0.1197500139025226,0.1910775814949983,2,38,0.41432371734645257,0.03708816020360706,0.18,1,30
123,0.4913136062051994,0.4514118775500596,0.0399017286551398,0.33732904781197515,0.15398455839322428,0.21230842388333143,1,30,0.4322519029936285,0.05906170321157095,0.18,1,30
124,0.48953089706288083,0.4913136062051994,-0.0017827091423185948,0.44713484072326065,0.04239605633962018,0.23589824875925713,1,30,0.4592015264698112,0.030329370593069616,0.18,1,30
125,0.488760179417312,0.48953089706288083,-0.0007707176455688525,0.46251341261495404,0.026246766802357935,0.18400063403222058,1,30,0.4763018467125726,0.012458332704739394,0.18,1,30
126,0.527441563968134,0.488760179417312,0.03868138455082204,0.477992489435701,0.049449074532433024,0.20444514892468954,1,30,0.47976148596184165,0.04768007800629237,0.18,1,30
127,0.4719654729098677,0.527441563968134,-0.05547609105826634,0.5053165270879996,-0.03335105417813189,0.15946721616125784,1,30,0.507102736532795,-0.03513726362292735,0.18,1,30
128,0.4962914912671284,0.4719654729098677,0.024326018357260726,0.47452839666377067,0.021763094603357735,0.12438442860578111,1,30,0.4759328679264923,0.020358623340636095,0.18,1,30
129,0.49946760682372676,0.4962914912671284,0.003176115556598358,0.48978105957235596,0.009686547251370803,0.09701985431250927,1,30,0.49000197799267864,0.009465628831048123,0.18,1,30
130,0.5229510033435384,0.49946760682372676,0.023483396519811628,0.49254837411806024,0.03040262922547815,0.07567548636375723,1,30,0.49278415953033883,0.030166843813199562,0.18,1,30
131,0.5080331544241268,0.5229510033435384,-0.014917848919411614,0.5056636368333927,0.002369517590734116,0.05902687936373064,2,31,0.5042814236102087,0.0037517308139181083,0.18,1,30
132,0.5677461111813037,0.5080331544241268,0.059712956757176916,0.5032604213374456,0.06448568984385805,0.06558542151525626,2,31,0.501820970221842,0.06592514095946167,0.18,1,30
133,0.5553658499058144,0.5677461111813037,-0.012380261275489302,0.5158466227925355,0.03951922711327893,0.05115662878189988,2,32,0.5261710788463954,0.029194771059419033,0.18,1,30
134,0.5328174699112878,0.5553658499058144,-0.022548379994526635,0.5299326314049024,0.0028848385063853232,0.03990217044988191,2,32,0.5377304604978268,-0.0049129905865390455,0.18,1,30
135,0.5524526375631968,0.5328174699112878,0.01963516765190909,0.5265083147419684,0.025944322821228494,0.031123692950907892,2,32,0.5268955411328443,0.025557096430352533,0.18,1,30
136,0.5935000059576985,0.5524526375631968,0.04104736839450163,0.5271742657339052,0.06632574022379323,0.034581881056564324,2,32,0.5384699322573321,0.05503007370036639,0.18,1,30
137,0.6139794032366384,0.5935000059576985,0.02047939727893988,0.5206497510121406,0.09332965222449774,0.03842431228507147,2,33,0.5604078513317499,0.05357155190488849,0.18,1,30
138,0.6498323559137997,0.6139794032366384,0.035852952677161376,0.5341947775158401,0.11563757839795963,0.04269368031674608,2,34,0.5878408058430549,0.06199155007074486,0.18,1,30
139,0.6791532971737415,0.6498323559137997,0.02932094125994178,0.5363965695180577,0.1427567276556838,0.04743742257416231,2,35,0.6233484043540287,0.05580489281971279,0.18,1,30
140,0.6225468355432808,0.6791532971737415,-0.05660646163046068,0.5423610346229161,0.08018580092036476,0.05270824730462478,2,35,0.6618418420432187,-0.03929500649993789,0.18,1,30
141,0.5927990395389183,0.6225468355432808,-0.029747796004362503,0.5641965744254767,0.028602465113441666,0.04111243289760733,2,35,0.6264530113632076,-0.03365397182428931,0.18,1,30
142,0.5690435292774291,0.5927990395389183,-0.023755510261489254,0.5578912729420233,0.01115225633540573,0.03206769766013372,2,35,0.6016399958337896,-0.032596466556360504,0.18,1,30
143,0.6332877362938524,0.5690435292774291,0.0642442070164233,0.5463086119090126,0.08697912438483979,0.03563077517792635,2,36,0.5806982155232364,0.05258952077061596,0.18,1,30
144,0.6099530571176766,0.6332877362938524,-0.02333467917617582,0.552816195536897,0.057136861580779574,0.03958975019769594,2,37,0.6240875195323561,-0.014134462414679527,0.18,1,30
145,0.6229955258134153,0.6099530571176766,0.013042468695738774,0.5538010594048425,0.06919446640857285,0.04398861133077327,2,37,0.6114595927561916,0.01153593305722378,0.18,1,30
146,0.6205926079130788,0.6229955258134153,-0.002402917900336532,0.5516550836693281,0.06893752424375066,0.048876234811970294,2,37,0.619768749534061,0.0008238583790177723,0.18,1,30
147,0.6342966002383422,0.6205926079130788,0.013703992325263425,0.5505589574465719,0.08373764279177032,0.054306927568855884,2,37,0.618033110285125,0.016263489953217247,0.18,1,30
148,0.6657877083368725,0.6342966002383422,0.031491108098530285,0.5469395821822503,0.11884812615462226,0.060341030632062094,2,37,0.6237414032540041,0.04204630508286844,0.18,1,30
149,0.6437830943965325,0.6657877083368725,-0.022004613940340034,0.5332895033716902,0.11049359102484224,0.06704558959118011,2,37,0.6343933166267525,0.009389777769780006,0.18,2,31
150,0.6360045563254508,0.6437830943965325,-0.007778538071081642,0.5450353434432661,0.09096921288218474,0.07449509954575567,2,37,0.6349174659206988,0.001087090404752078,0.18,2,32
151,0.6135871873445125,0.6360045563254508,-0.02241736898093838,0.546568759384697,0.0670184279598155,0.08277233282861741,2,37,0.6326547296857303,-0.01906754234121788,0.18,2,32
152,0.5965154722210224,0.6135871873445125,-0.01707171512349004,0.548065275403114,0.04845019681790841,0.0919692586984638,2,38,0.6146018945895512,-0.018086422368528754,0.18,2,33
153,0.6245277901176959,0.5965154722210224,0.028012317896673466,0.5443803796157336,0.08014741050196228,0.10218806522051532,2,38,0.5917509235986258,0.03277686651907008,0.18,2,33
154,0.6330474643679936,0.6245277901176959,0.00851967425029776,0.5441110269028346,0.088936437465159,0.11354229468946146,2,38,0.6223705592233928,0.010676905144600846,0.18,2,33
155,0.6757067270421425,0.6330474643679936,0.04265926267414888,0.5413162324321816,0.1343904946099609,0.12615810521051274,2,38,0.6259704922182894,0.04973623482385314,0.18,2,33
156,0.6312996407084481,0.6757067270421425,-0.04440708633369439,0.5209909883437878,0.11030865236466036,0.14017567245612525,2,38,0.6285956824429695,0.0027039582654786454,0.18,2,33
157,0.6485729502630873,0.6312996407084481,0.017273309554639127,0.5430406815650187,0.10553226869806853,0.1557507471734725,2,38,0.6273122416786925,0.021260708584394772,0.18,2,34
158,0.6069222586817078,0.6485729502630873,-0.04165069158137946,0.5365373661490582,0.07038489253264957,0.1730563857483028,1,30,0.6315738791910183,-0.024651620509310468,0.18,2,34
159,0.5846324024391459,0.6069222586817078,-0.022289856242561856,0.6087653359665808,-0.02413293352743484,0.1349839808836762,1,30,0.612977648465306,-0.028345246026160065,0.18,2,34
160,0.5844447583633705,0.5846324024391459,-0.0001876440757754283,0.6089330871587438,-0.024488328795373326,0.10528750508926743,1,30,0.5877445608070981,-0.0032998024437276285,0.18,2,35
161,0.5842396821685042,0.5844447583633705,-0.000205076194866316,0.6077848735321982,-0.02354519136369404,0.0821242539696286,2,31,0.5856541504228128,-0.0014144682543085763,0.18,2,35
162,0.6488777802312025,0.5842396821685042,0.06463809806269827,0.5948566507745469,0.0540211294566556,0.0912491710773651,2,31,0.584412778255408,0.06446500197579441,0.18,2,35
163,0.5679435726545651,0.6488777802312025,-0.08093420757663738,0.6022797462192158,-0.034336173564650685,0.07117435344034478,2,32,0.6230207389476012,-0.05507716629303616,0.18,2,36
164,0.6017889555995034,0.5679435726545651,0.03384538294493833,0.6036914621684343,-0.0019025065689308729,0.05551599568346893,2,32,0.5735538512368645,0.028235104362638874,0.18,2,37
165,0.5501593749874627,0.6017889555995034,-0.051629580612040704,0.6123162966547977,-0.062156921667335,0.06168443964829881,2,33,0.6023715020645709,-0.052212127077108206,0.18,2,38
166,0.5875073300261743,0.5501593749874627,0.03734795503871158,0.5848601262480553,0.0026472037781190005,0.04811386292567307,2,34,0.5524445253549725,0.03506280467120182,0.18,2,38
167,0.5649302857648977,0.5875073300261743,-0.022577044261276602,0.6032511719019602,-0.038320886137062526,0.037528813082025,2,34,0.5868898458993086,-0.021959560134410916,0.18,2,38
168,0.5421066555747235,0.5649302857648977,-0.022823630190174193,0.5915370340635284,-0.04943037848880494,0.041698681202249996,2,34,0.5660505936285603,-0.023943938053836766,0.18,2,38
169,0.5353727686459916,0.5421066555747235,-0.006733886928731891,0.5685903419268615,-0.03321757328086994,0.032524971337755,2,34,0.5399126180672007,-0.004539849421209108,0.18,2,38
170,0.5100710131586016,0.5353727686459916,-0.02530175548739,0.5564968030782333,-0.046425789919631755,0.036138857041949995,2,34,0.5307104234873479,-0.020639410328746277,0.18,2,38
171,0.5273484186107286,0.5100710131586016,0.01727740545212697,0.5195821618329155,0.007766256777813063,0.028188308492720998,2,35,0.49759998744399986,0.029748431166728706,0.18,2,38
172,0.4943131645557088,0.5273484186107286,-0.03303525405501978,0.5434851627531287,-0.049171998197419964,0.03132034276969,2,35,0.5215774159367964,-0.027264251381087623,0.18,2,38
173,0.4643028998475098,0.4943131645557088,-0.030010264708199008,0.494780740231564,-0.03047784038405421,0.024429867360358203,2,35,0.4801959914745587,-0.01589309162704894,0.18,2,38
174,0.4520436249115111,0.4643028998475098,-0.012259274935998654,0.4468250780677243,0.005218546843786809,0.0190552965410794,2,36,0.4417556109678897,0.010288013943621444,0.18,2,38
175,0.47717965179408073,0.4520436249115111,0.025136026882569606,0.4363702012618639,0.04080945053221685,0.021172551712310445,2,36,0.43320869696292585,0.043970954831154874,0.18,2,38
176,0.5010696201793793,0.47717965179408073,0.023889968385298554,0.48311017637539966,0.017959443803979624,0.016514590335602146,2,36,0.47044889941144274,0.030620720767936538,0.18,2,38
177,0.45420503593069345,0.5010696201793793,-0.04686458424868584,0.513795000055373,-0.059589964124679595,0.01834954481733572,2,36,0.4939292656230687,-0.03972422969237527,0.18,2,38
178,0.43576905782028563,0.45420503593069345,-0.018435978110407814,0.451952267411764,-0.016183209591478342,0.014312644957521862,2,36,0.44536027268992484,-0.009591214869639209,0.18,2,38
179,0.434358873882919,0.43576905782028563,-0.001410183937366638,0.42692805657245836,0.007430817310460636,0.011163863066867053,3,37,0.4250239030794976,0.009334970803421383,0.18,2,38
180,0.4483216148015461,0.434358873882919,0.013962740918627092,0.4276690003253639,0.020652614476182163,0.01,3,37,0.42517820760044844,0.023143407201097643,0.18,2,38
181,0.4096263981578468,0.4483216148015461,-0.03869521664369929,0.4410430094194395,-0.03141661126159273,0.01,3,37,0.4406181556127623,-0.030991757454915503,0.18,2,38
182,0.3823825669787692,0.4096263981578468,-0.027243831179077582,0.40285013700097344,-0.02046757002220423,0.01,3,38,0.3992099907803768,-0.016827423801607566,0.18,2,38
183,0.40890213951468335,0.3823825669787692,0.026519572535914138,0.3696502231116929,0.03925191640299047,0.01,3,39,0.36978427714941664,0.03911786236526671,0.18,2,38
184,0.3806596756031049,0.40890213951468335,-0.028242463911578475,0.3971899940206959,-0.016530318417591006,0.01,3,39,0.40291433809341415,-0.022254662490309274,0.18,2,38
185,0.3971682895680451,0.3806596756031049,0.016508613964940244,0.36356560738380367,0.03360268218424145,0.01,3,39,0.3731600844010341,0.02400820516701102,0.18,2,38
186,0.3523573922271898,0.3971682895680451,-0.044810897340855305,0.38159115560513285,-0.029233763377943034,0.01,3,39,0.3920079628218186,-0.03965057059462879,0.18,2,38
187,0.3063657337658757,0.3523573922271898,-0.04599165846131409,0.3258144189031985,-0.019448685137322785,0.01,3,40,0.3447523876779595,-0.03838665391208379,0.18,2,38
188,0.2922029177681109,0.3063657337658757,-0.01416281599776481,0.2574833297069141,0.03471958806119679,0.01,3,41,0.29544344153110513,-0.0032405237629942185,0.18,2,38
189,0.35736713842077067,0.2922029177681109,0.06516422065265975,0.24607102984095564,0.11129610857981503,0.011111111111111112,3,41,0.284394548734653,0.0729725896861177,0.18,2,38
190,0.3491586148972752,0.35736713842077067,-0.008208523523495492,0.3320935400188946,0.017065074878380604,0.01,3,41,0.35801568805335676,-0.008857073156081585,0.18,2,39
191,0.2918656107741947,0.3491586148972752,-0.05729300412308047,0.3216115655077729,-0.029745954733578217,0.01,3,41,0.35882445542771124,-0.06695884465351654,0.18,2,39
192,0.2774008497280041,0.2918656107741947,-0.0144647610461906,0.25576287650605245,0.021637973221951656,0.01,3,41,0.3124701998041648,-0.03506935007616069,0.18,2,40
193,0.3145097023918384,0.2774008497280041,0.03710885266383429,0.23902069462441855,0.07548900776741985,0.011111111111111112,3,41,0.3059074835510748,0.00860221884076362,0.18,2,40
194,0.24168142659619862,0.3145097023918384,-0.07282827579563977,0.28018176241100934,-0.038500335814810716,0.01,3,41,0.33062776092277846,-0.08894633432657983,0.18,2,41
195,0.23878799258200703,0.24168142659619862,-0.0028934340141915926,0.20498161063179693,0.0338063819502101,0.01,3,41,0.28099816573925074,-0.04221017315724371,0.18,2,42
196,0.2694751365842223,0.23878799258200703,0.030687144002215255,0.20232733006177045,0.06714780652245184,0.011111111111111112,3,41,0.2772628816102718,-0.0077877450260495085,0.18,2,42
197,0.2362212066241266,0.2694751365842223,-0.033253929960095685,0.2321721139006927,0.0040490927234339,0.01,3,41,0.2960415697287948,-0.059820363104668206,0.18,2,43
198,0.23913133322986949,0.2362212066241266,0.0029101266057428854,0.20074732870967957,0.03838400452018992,0.01,3,41,0.27333789068525616,-0.03420655745538667,0.18,2,43
199,0.22884382026313224,0.23913133322986949,-0.010287512966737244,0.2026428145100434,0.02620100575308884,0.01,3,41,0.273003704928146,-0.04415988466501378,0.18,2,43
200,0.2355546580811628,0.22884382026313224,0.006710837818030557,0.1927275892612954,0.04282706881986739,0.011111111111111112,4,42,0.26433183387188675,-0.028777175790723947,0.18,2,43
201,0.2570186353441863,0.2355546580811628,0.021463977263023487,0.2079316134442093,0.04908702189997699,0.012345679012345678,4,42,0.26716798553251736,-0.010149350188331074,0.18,2,43
202,0.21935794153689545,0.2570186353441863,-0.03766069380729084,0.22244345553023567,-0.0030855139933402276,0.01,4,43,0.2793809281180152,-0.060022986581119736,0.18,2,43
203,0.22901199589144888,0.21935794153689545,0.009654054354553437,0.19836928245527247,0.030642713436176416,0.01,4,43,0.25542817328794387,-0.02641617739649499,0.18,2,44
204,0.15804941226674782,0.22901199589144888,-0.07096258362470106,0.20245977594113584,-0.044410363674388026,0.011111111111111112,4,43,0.25923986207364375,-0.10119044980689593,0.18,2,44
205,0.20505586060256434,0.15804941226674782,0.04700644833581652,0.15448734368679978,0.050568516915764555,0.012345679012345678,4,44,0.20763503836070007,-0.0025791777581357367,0.18,2,45
206,0.1827514263098346,0.20505586060256434,-0.02230443429272974,0.18312934452547144,-0.0003779182156368466,0.01,4,45,0.24234024870256057,-0.059588822392725976,0.18,2,45
207,0.17151519585564456,0.1827514263098346,-0.011236230454190033,0.16725037669766643,0.004264819157978134,0.01,4,46,0.2272638030940785,-0.055748607238433945,0.18,2,46
208,0.17878511209456144,0.17151519585564456,0.007269916238916874,0.15691582788577982,0.02186928420878162,0.01,4,46,0.2169109798921104,-0.03812586779754895,0.18,1,30
209,0.19174272487943148,0.17878511209456144,0.012957612784870037,0.16023894354625592,0.03150378133317555,0.01,4,46,0.18710873210606047,0.0046339927733710096,0.18,2,31
210,0.22295552489947046,0.19174272487943148,0.031212800020038983,0.16799534756442275,0.05496017733504771,0.011111111111111112,4,46,0.19158212606852637,0.03137339883094409,0.18,2,31
211,0.16746565883166692,0.22295552489947046,-0.05548986606780354,0.18770582248694068,-0.020240163655273757,0.01,4,47,0.20400262883789194,-0.03653697000622502,0.18,2,32
212,0.20256258249505743,0.16746565883166692,0.03509692366339051,0.15158278500898387,0.050979797486073564,0.011111111111111112,4,47,0.19169546660480208,0.010867115890255352,0.18,2,32
213,0.19146445680408852,0.20256258249505743,-0.011098125690968907,0.1720443369646461,0.019420119839442418,0.01,4,47,0.19317773030032154,-0.0017132734962330143,0.18,2,33
214,0.1977444648452441,0.19146445680408852,0.0062800080411555825,0.16454259509918884,0.03320186974605527,0.01,4,47,0.19198151501260105,0.005762949832643055,0.18,2,33
215,0.23396202296978,0.1977444648452441,0.03621755812453589,0.16733941915740624,0.06662260381237375,0.011111111111111112,4,48,0.19152950887347836,0.04243251409630164,0.18,2,33
216,0.22588379575247453,0.23396202296978,-0.008078227217305473,0.18759185306345316,0.03829194268902136,0.01,4,48,0.19460194590514462,0.0312818498473299,0.18,2,33
217,0.24997500488676644,0.22588379575247453,0.024091209134291913,0.18346225489604667,0.06651274999071977,0.011111111111111112,4,48,0.20164246411715686,0.04833254076960958,0.18,2,33
218,0.2173465525373596,0.24997500488676644,-0.03262845234940684,0.19891053560733202,0.018436016930027582,0.01,4,49,0.21243334578754303,0.004913206749816573,0.18,2,34
219,0.20902692021581745,0.2173465525373596,-0.008319632321542147,0.17918335978763536,0.029843560428182092,0.01,4,49,0.20442329792148428,0.004603622294333171,0.18,2,34
220,0.226578097508746,0.20902692021581745,0.017551177292928544,0.1732617381337706,0.05331635937497539,0.011111111111111112,4,49,0.20053510807411795,0.026042989434628044,0.18,2,34
221,0.24450303788631236,0.226578097508746,0.017924940377566367,0.18342128327345214,0.06108175461286022,0.012345679012345678,4,50,0.2060464723102054,0.038456565576106966,0.18,2,35
222,0.24962072341278557,0.24450303788631236,0.005117685526473209,0.1943925421889855,0.05522818122380008,0.013717421124828532,4,50,0.2132889044364386,0.03633181897634696,0.18,2,35
223,0.2253435581635369,0.24962072341278557,-0.024277165249248667,0.19782117433999852,0.027522383823538388,0.010699588477366255,4,50,0.21717220665003933,0.008171351513497571,0.18,2,35
224,0.2624235280271386,0.2253435581635369,0.03707996986360168,0.18258227982713454,0.07984124820000404,0.01188843164151806,4,50,0.20833578512028328,0.05408774290685531,0.18,2,35
225,0.2740149528140262,0.2624235280271386,0.011591424786887627,0.20442611843660669,0.06958883437741953,0.013209368490575623,4,51,0.2209275091149041,0.053087443699122105,0.18,2,36
226,0.33981156781077476,0.2740149528140262,0.06579661499674855,0.21260200162049445,0.12720956619028032,0.01467707610063958,4,51,0.22909716836421495,0.11071439944655981,0.18,2,36
227,0.3327552402334913,0.33981156781077476,-0.007056327577283472,0.2567088269624696,0.07604641327102168,0.01630786233404398,4,52,0.25701399647390033,0.07574124375959096,0.18,2,37
228,0.27383172530046074,0.3327552402334913,-0.05892351493303055,0.25800509501276847,0.015826630287692267,0.012720132620554304,4,53,0.2813280777663538,-0.007496352465893086,0.18,2,37
229,0.29765050904993146,0.27383172530046074,0.023818783749470718,0.22155768063507514,0.07609282841485632,0.014133480689504782,4,53,0.24265242803621945,0.05499808101371201,0.18,2,37
230,0.278238305136538,0.29765050904993146,-0.019412203913393433,0.23844089455585274,0.03979741058068528,0.011024114937813731,4,53,0.2560712601703641,0.022167044966173943,0.18,2,38
231,0.3103354257096471,0.278238305136538,0.032097120573109095,0.2239042863559388,0.08643113935370833,0.012249016597570812,4,53,0.24485330347498693,0.06548212223466018,0.18,2,39
232,0.3435331647495405,0.3103354257096471,0.03319773903989337,0.24610471257955913,0.09742845216998136,0.013610018441745347,4,53,0.26158416912408966,0.08194899562545083,0.18,2,39
233,0.3765615015473931,0.3435331647495405,0.03302833679785261,0.2710754342051901,0.105486067342203,0.015122242713050385,4,53,0.2763825719280046,0.10017892961938851,0.18,2,39
234,0.33916272019476995,0.3765615015473931,-0.037398781352623145,0.3026338384916172,0.03652888170315277,0.011795349316179302,4,54,0.29642890646341824,0.04273381373135171,0.18,2,39
235,0.3521831375303297,0.33916272019476995,0.013020417335559753,0.27419103348013923,0.07799210405019047,0.013105943684643668,4,54,0.28235780069575334,0.06982533683457637,0.18,2,39
236,0.32614320168455374,0.3521831375303297,-0.026039935845775963,0.2836865219463952,0.04245667973815853,0.014562159649604075,4,54,0.2884504809131725,0.03769272077138125,0.18,2,39
237,0.3871579841689713,0.32614320168455374,0.06101478248441755,0.2642861682405656,0.12287181592840568,0.01618017738844897,4,54,0.2756886700262896,0.11146931414268169,0.18,2,39
238,0.3761426775082579,0.3871579841689713,-0.011015306660713375,0.31069520576049825,0.06544747174775967,0.017977974876054414,4,54,0.2982228101045977,0.07791986740366019,0.18,2,39
239,0.4009930656281112,0.3761426775082579,0.024850388119853295,0.30360256079961734,0.09739050482849387,0.01997552764006046,4,54,0.29917799625195907,0.10181506937615215,0.18,2,39
240,0.5280784805458103,0.4009930656281112,0.1270854149176991,0.3199208867078265,0.20815759383798382,0.022195030711178287,4,54,0.30898397722139187,0.21909450332441843,0.18,2,39
241,0.5679585902479358,0.5280784805458103,0.03988010970212552,0.37012328109864234,0.19783530914929348,0.02466114523464254,4,55,0.32184665429756176,0.24611193595037406,0.18,2,39
242,0.546408360680472,0.5679585902479358,-0.021550229567463774,0.41251207811182844,0.1338962825686436,0.027401272482936154,4,56,0.3939077628902702,0.15250059779020186,0.18,2,40
243,0.5731582604992522,0.546408360680472,0.026749899818780176,0.41204430474021264,0.16111395575903958,0.030445858314373502,4,57,0.4420174938442335,0.13114076665501873,0.18,2,41
244,0.6817276445454558,0.5731582604992522,0.10856938404620353,0.40499805109190906,0.2767295934535467,0.033828731460415,5,58,0.4475059890346395,0.23422165551081625,0.18,2,41
245,0.6138965059715118,0.6817276445454558,-0.06783113857394396,0.37582531386274487,0.23807119210876693,0.03758747940046111,5,59,0.4167023166583008,0.19719418931321098,0.18,2,41
246,0.6349308236727986,0.6138965059715118,0.02103431770128683,0.4466604724447504,0.18827035122804825,0.041763866000512344,5,60,0.48037522614863015,0.15455559752416848,0.18,2,41
247,0.723002079916389,0.6349308236727986,0.08807125624359036,0.42647934007420196,0.296522739842187,0.046404295556124825,5,61,0.4759986763580115,0.24700340355837747,0.18,2,41
248,0.7626941154379245,0.723002079916389,0.03969203552153555,0.3329068560864231,0.4297872593515014,0.05156032839569425,5,62,0.42271593334861624,0.3399781820893083,0.18,3,42
249,0.6718491414960844,0.7626941154379245,-0.0908449739418401,0.31806797019895044,0.353781171297134,0.05728925377299361,5,62,0.5179328646467117,0.1539162768493727,0.18,3,43
250,0.7009355823936143,0.6718491414960844,0.029086440897529875,0.4074055310108357,0.2935300513827786,0.06365472641443734,5,62,0.5659171087641347,0.1350184736294796,0.18,3,44
251,0.7254955536529486,0.7009355823936143,0.02455997125933429,0.38133843257226785,0.34415712108068075,0.07072747379381926,5,62,0.5542739061857376,0.17122164746721102,0.18,3,45
252,0.764709523391024,0.7254955536529486,0.03921396973807545,0.3572796215501998,0.4074299018408242,0.07858608199313251,5,62,0.5363477919250772,0.22836173146594685,0.18,3,45
253,0.699017562938068,0.764709523391024,-0.065691960452956,0.31823903602793524,0.3807785269101328,0.08731786888125834,5,62,0.49519671475985383,0.20382084817821422,0.18,3,45
254,0.7173889272730136,0.699017562938068,0.018371364334945572,0.3817227292804418,0.3356661979925718,0.09701985431250926,5,62,0.5534385736801626,0.16395035359285104,0.18,3,45
255,0.740427581351355,0.7173889272730136,0.02303865407834138,0.3639801090329591,0.3764474723183959,0.10779983812501029,5,62,0.5406356804863194,0.19979190086503562,0.18,3,45
256,0.7270171906369627,0.740427581351355,-0.013410390714392317,0.34118342763549814,0.38583376300146455,0.1197775979166781,3,62,0.5197411497007484,0.20727604093621432,0.18,3,46
257,0.6996501932958994,0.7270171906369627,-0.027366997341063293,0.37692309640199645,0.32272709689390294,0.1330862199074201,3,63,0.5312404766975031,0.16840971659839632,0.18,3,46
258,0.6964695600235757,0.6996501932958994,-0.003180633272323652,0.3877473305919073,0.30872222943166844,0.14787357767491122,3,64,0.5451146843799568,0.15135487564361894,0.18,3,46
259,0.6541914447330215,0.6964695600235757,-0.04227811529055425,0.38785347986901586,0.2663379648640056,0.16430397519434578,3,64,0.5425765480844666,0.11161489664855484,0.18,3,46
260,0.6695065664982296,0.6541914447330215,0.015315121765208106,0.3925905773755946,0.276915989122635,0.18255997243816197,1,30,0.5359349557055193,0.1335716107927103,0.18,3,47
261,0.6540331315065194,0.6695065664982296,-0.015473434991710167,0.6348501533685454,0.019182978137973983,0.14239677850176632,2,31,0.5363126755896945,0.1177204559168249,0.18,3,47
262,0.6502734679656474,0.6540331315065194,-0.0037596635408719825,0.6408798568602825,0.009393611105364963,0.11106948723137773,2,31,0.5279978867917217,0.12227558117392578,0.18,3,47
263,0.6131368523914205,0.6502734679656474,-0.03713661557422698,0.6370066460581153,-0.02386979366669484,0.08663420004047463,2,32,0.5240917562230458,0.08904509616837464,0.18,3,47
264,0.620380696480906,0.6131368523914205,0.007243844089485529,0.6073578185712136,0.013022877909692365,0.06757467603157022,2,33,0.49533861150437575,0.12504208497653024,0.18,3,48
265,0.6147643193017241,0.620380696480906,-0.005616377179181842,0.6117152261878186,0.0030490931139055544,0.05270824730462477,2,33,0.5050226380632139,0.10974168123851025,0.18,3,48
266,0.5737389342275642,0.6147643193017241,-0.04102538507415998,0.6026857610140544,-0.028946826786490187,0.04111243289760732,2,33,0.5008751891027525,0.07286374512481164,0.18,3,48
267,0.5588833004465031,0.5737389342275642,-0.014855633781061028,0.540711505833636,0.01817179461286711,0.03206769766013371,2,34,0.4589453223830855,0.09993797806341764,0.18,3,49
268,0.531763075176947,0.5588833004465031,-0.027120225269556153,0.5201233062274737,0.011639768949473273,0.025012804174904296,2,34,0.45472674626168164,0.07703632891526535,0.18,3,49
269,0.5111674026610308,0.531763075176947,-0.020595672515916208,0.4747582232679536,0.036409179393077196,0.019509987256425353,2,35,0.43093261845012193,0.08023478421090885,0.18,3,49
270,0.4745160538124533,0.5111674026610308,-0.03665134884857746,0.446356299939364,0.028159753873089333,0.015217790060011775,2,35,0.4162770965674287,0.05823895724502465,0.18,3,49
271,0.482778825365169,0.4745160538124533,0.008262771552715653,0.3867099961815636,0.09606882918360538,0.016908655622235307,2,35,0.3807968519727086,0.10198197339246035,0.18,3,49
272,0.45591783059423796,0.482778825365169,-0.026860994770931013,0.4217057925903126,0.03421203800392536,0.01318875138534354,2,35,0.40023473531165044,0.055683095282587525,0.18,3,49
273,0.4955687865327969,0.45591783059423796,0.03965095593855894,0.3823094656840378,0.11325932084875912,0.014654168205937266,3,36,0.3748277496341861,0.12074103689861082,0.18,3,49
274,0.46908351145453386,0.4955687865327969,-0.026485275078263038,0.45367895001900294,0.015404561435530928,0.011430251200631068,3,37,0.4160235373950204,0.05305997405951346,0.18,3,49
275,0.4277182013248977,0.46908351145453386,-0.04136531012963618,0.42953839084753326,-0.0018201895226355735,0.01,3,37,0.3923008379072864,0.03541736341761126,0.18,3,49
276,0.38929697663215546,0.4277182013248977,-0.03842122469274223,0.3799435482329989,0.009353428399156538,0.01,3,38,0.35421592142845065,0.0350810552037048,0.18,3,50
277,0.37298254321585705,0.38929697663215546,-0.0163144334162984,0.31231850577873244,0.06066403743712462,0.011111111111111112,3,39,0.2939958037234712,0.07898673949238583,0.18,3,50
278,0.42521847844561134,0.37298254321585705,0.05223593522975428,0.2902666933762819,0.13495178506932942,0.012345679012345678,3,39,0.2793122542046824,0.14590622424092892,0.18,3,50
279,0.3989619479439014,0.42521847844561134,-0.02625653050170995,0.36627274122031805,0.03268920672358333,0.01,3,39,0.32870031266443867,0.07026163527946272,0.18,3,50
280,0.4037028347682282,0.3989619479439014,0.004740886824326829,0.3322763472691487,0.07142648749907954,0.011111111111111112,3,39,0.30408305092223403,0.09961978384599418,0.18,3,50
281,0.3497570815035105,0.4037028347682282,-0.05394575326471773,0.33665045681304967,0.01310662469046081,0.01,3,39,0.3071717302567657,0.042585351246744785,0.18,3,50
282,0.4205774100423971,0.3497570815035105,0.07082032853888665,0.26495443010311803,0.1556229799392791,0.011111111111111112,3,39,0.2649011298921662,0.15567628015023094,0.18,3,50
283,0.41506701904509674,0.4205774100423971,-0.005510390997300385,0.3535286364767686,0.061538382568328165,0.012345679012345678,3,39,0.31491699380159444,0.1001500252435023,0.18,3,50
284,0.3844723088333587,0.41506701904509674,-0.03059471021173804,0.34612376414967816,0.03834854468368054,0.01,3,40,0.3106447367493301,0.07382757208402863,0.18,3,50
285,0.4110683946386895,0.3844723088333587,0.026596085805330794,0.309763798242358,0.10130459639633149,0.011111111111111112,3,40,0.28898276437766246,0.12208563026102703,0.18,3,50
286,0.44202593760380054,0.4110683946386895,0.03095754296511105,0.33777873831103,0.10424719929277054,0.012345679012345678,3,40,0.3052782807677051,0.13674765683609547,0.18,3,51
287,0.45110321578513213,0.44202593760380054,0.009077278181331583,0.3685081268859513,0.08259508889918082,0.013717421124828532,3,41,0.3266810565755348,0.12442215920959732,0.18,3,52
288,0.4584320342554311,0.45110321578513213,0.007328818470298981,0.37573044398390765,0.08270159027152346,0.015241579027587257,3,41,0.33296009492301143,0.12547193933241968,0.18,3,52
289,0.4804622072526874,0.4584320342554311,0.022030172997256292,0.3830661420212221,0.09739606523146532,0.016935087808430286,3,41,0.34014471043775785,0.14031749681492955,0.18,3,52
290,0.495194465270693,0.4804622072526874,0.014732258018005595,0.40461875249563084,0.09057571277506216,0.018816764231589206,3,42,0.3561512614262414,0.13904320384445162,0.18,3,52
291,0.5246311377775418,0.495194465270693,0.029436672506848782,0.4209033987190123,0.1037277390585295,0.020907515812876896,3,42,0.36569756284173094,0.15893357493581084,0.18,3,52
292,0.5775413105829881,0.5246311377775418,0.0529101728054463,0.44918070951580247,0.1283606010671856,0.023230573125418773,3,42,0.3850602438426699,0.19248106674031817,0.18,3,52
293,0.49686477496416787,0.5775413105829881,-0.08067653561882021,0.5000820177745251,-0.003217242810357235,0.018119847037826643,3,43,0.4208565233711623,0.07600825159300556,0.18,3,53
294,0.5754492828194129,0.49686477496416787,0.07858450785524501,0.4204567819621048,0.1549925008573081,0.020133163375362934,3,43,0.3690634451720748,0.2063858376473381,0.18,3,54
295,0.6059056582004043,0.5754492828194129,0.03045637538099144,0.486096638140164,0.1198090200602403,0.022370181528181037,3,43,0.41659743657045833,0.18930822162994598,0.18,3,54
296,0.6285219572874888,0.6059056582004043,0.022616299087084513,0.5170385927612362,0.11148336452625263,0.024855757253534484,3,44,0.43577952234841155,0.19274243493907728,0.18,3,54
297,0.6306912651005528,0.6285219572874888,0.002169307813064014,0.5250880449832458,0.10560322011730705,0.027617508059482758,3,45,0.44705965270770043,0.18363161239285242,0.18,3,55
298,0.6139172910165409,0.6306912651005528,-0.016773974084011933,0.5263899387149332,0.08752735230160769,0.030686120066091952,3,45,0.44727368755608704,0.16664360346045387,0.18,3,55
299,0.6826162448639178,0.6139172910165409,0.0686989538473769,0.5235619589095537,0.1590542859543641,0.03409568896232439,3,45,0.43791769524953295,0.24469854961438486,0.18,3,55
300,0.7326891965321212,0.6826162448639178,0.05007295166820336,0.510511119404203,0.22217807712791815,0.0378840988470271,3,45,0.4550859016287292,0.277603294903392,0.18,3,56
301,0.6645500648673127,0.7326891965321212,-0.06813913166480845,0.4855269641029882,0.17902310076432454,0.04209344316336344,3,45,0.4478719930073091,0.2166780718600036,0.18,3,57
302,0.7360031854858398,0.6645500648673127,0.07145312061852704,0.5272138257758137,0.2087893597100261,0.04677049240373716,3,45,0.4533907197739806,0.28261246571185916,0.18,3,58
303,0.7156687922145445,0.7360031854858398,-0.02033439327129527,0.47839983138561337,0.23726896082893112,0.05196721378193017,3,45,0.43505209869790545,0.28061669351663904,0.18,3,58
304,0.7296589797569205,0.7156687922145445,0.01399018754237602,0.5004615676598652,0.22919741209705535,0.05774134864658908,3,45,0.4475534981285763,0.2821054816283442,0.18,3,59
305,0.7099178234208071,0.7296589797569205,-0.019741156336113397,0.4879868487960914,0.22193097462471573,0.06415705405176564,3,45,0.44064597514338666,0.26927184827742046,0.18,3,59
306,0.7305989048255502,0.7099178234208071,0.020681081404743118,0.503967371308481,0.22663153351706922,0.07128561561307294,3,45,0.4484732248350781,0.2821256799904721,0.18,3,59
307,0.7718194755277574,0.7305989048255502,0.04122057070220719,0.48501805747253285,0.2868014180552246,0.07920623957008104,3,45,0.43788719931369724,0.3339322762140602,0.18,3,59
308,0.7518799061510403,0.7718194755277574,-0.019939569376717148,0.43936476893090104,0.31251513722013924,0.08800693285564559,3,45,0.4066122125250607,0.3452676936259796,0.18,3,60
309,0.7762855705911686,0.7518799061510403,0.024405664440128372,0.46741266442597784,0.3088729061651908,0.09778548095071732,3,45,0.4288590741893021,0.34742649640186657,0.18,3,61
310,0.7558108504450505,0.7762855705911686,-0.020474720146118175,0.4395519403247924,0.3162589101202581,0.1086505343896859,3,45,0.41034961728948194,0.34546123315556854,0.18,3,61
311,0.7285799884847339,0.7558108504450505,-0.027230861960316544,0.4654896343226245,0.2630903541621094,0.12072281598853989,2,45,0.42984599483586633,0.2987339936488676,0.18,3,61
312,0.7503841421105623,0.7285799884847339,0.021804153625828326,0.5377566883401153,0.212627453770447,0.13413646220948877,2,46,0.44261816606788756,0.3077659760426747,0.18,3,62
313,0.7050539069263996,0.7503841421105623,-0.04533023518416268,0.5277889059187211,0.1772650010076785,0.14904051356609863,2,47,0.4302280426911178,0.27482586423528177,0.18,3,62
314,0.7003633812034651,0.7050539069263996,-0.004690525722934491,0.5350418840777187,0.1653214971257464,0.16560057062899847,2,47,0.445217520020576,0.25514586118288907,0.18,3,63
315,0.6563300466134371,0.7003633812034651,-0.044033334590028006,0.5300964959245046,0.1262335506889325,0.18400063403222053,2,47,0.44214112293700447,0.2141889236764326,0.18,3,63
316,0.6482103358814347,0.6563300466134371,-0.00811971073200235,0.507112435991319,0.14109789989011567,0.20444514892468946,2,47,0.43054427850441696,0.21766605737701777,0.18,3,64
317,0.6108786676222235,0.6482103358814347,-0.03733166825921119,0.4965591382236303,0.11431952939859324,0.2271612765829883,2,47,0.42340511361626676,0.18747355400595678,0.18,3,64
318,0.6340445186724935,0.6108786676222235,0.023165851050269914,0.4609030191878657,0.17314149948462776,0.25240141842554253,2,47,0.40073887938759206,0.2333056392849014,0.18,3,64
319,0.56032976832553,0.6340445186724935,-0.0737147503469634,0.47940933653960666,0.0809204317859234,0.280446020472825,1,30,0.4110018419624938,0.14932792636303627,0.18,3,64
320,0.5895961095531367,0.56032976832553,0.02926634122760663,0.339180114981679,0.2504159945714577,0.31160668941425,1,30,0.3659492953666385,0.22364681418649818,0.18,3,64
321,0.5455676280176359,0.5895961095531367,-0.04402848153550076,0.6820876379616938,-0.13652000994405789,0.34622965490472224,1,30,0.3823240864001092,0.16324354161752674,0.18,3,64
322,0.5602365563284158,0.5455676280176359,0.014668928310779927,0.5828719427140922,-0.022635386385676304,0.27005913082568334,1,30,0.354102646466515,0.20613390986190083,0.18,3,64
323,0.5309473358068703,0.5602365563284158,-0.02928922052154559,0.6188186463663815,-0.08787131055951125,0.3000657009174259,1,30,0.36102960674969015,0.1699177290571801,0.18,3,64
324,0.5397762558918592,0.5309473358068703,0.008828920084988923,0.5775364075565818,-0.037760151664722574,0.23405124671559221,1,30,0.3420678821991353,0.19770837369272387,0.18,3,64
325,0.4957316887473681,0.5397762558918592,-0.044044567144491065,0.5853309989187789,-0.08959931017141082,0.26005694079510244,1,30,0.3452231705876464,0.15050851815972172,0.18,3,64
326,0.42271917328389264,0.4957316887473681,-0.07301251546347548,0.48894586665621736,-0.06622669337232473,0.2889521564390027,1,30,0.3186608972687186,0.10405827601517403,0.18,3,64
327,0.44647888548365405,0.42271917328389264,0.023759712199761418,0.30451457714714475,0.1419643083365093,0.3210579515988919,1,30,0.276425192303573,0.17005369318008107,0.18,3,64
328,0.40675686426449653,0.44647888548365405,-0.03972202121915752,0.4664160380425492,-0.05965917377805269,0.3567310573321021,1,30,0.28871880454026244,0.11803805972423409,0.18,3,64
329,0.41294862357357165,0.40675686426449653,0.006191759309075118,0.4658858408982014,-0.05293721732462975,0.3963678414801134,1,30,0.2665192897596517,0.14642933381391993,0.18,3,65
330,0.4556245386560018,0.41294862357357165,0.04267591508243013,0.45862506739591513,-0.003000528739913355,0.30916691635448845,1,30,0.2715631328579734,0.18406140579802838,0.18,3,65
331,0.42792631058586406,0.4556245386560018,-0.02769822807013772,0.4598484190583008,-0.03192210847243676,0.241150194756501,1,30,0.28951003774864414,0.1384162728372199,0.18,3,66
332,0.39095035938690303,0.42792631058586406,-0.03697595119896102,0.4562220998585492,-0.06527174047164619,0.2679446608405567,1,30,0.27617033921381823,0.1147800201730848,0.18,3,67
333,0.38186154590083315,0.39095035938690303,-0.00908881348606988,0.4559103154447382,-0.07404876954390505,0.29771628982284076,1,30,0.2596137251405278,0.12224782076030538,0.18,3,67
334,0.4091711378770449,0.38186154590083315,0.027309591976211745,0.4457887019404187,-0.0366175640633738,0.2322187060618158,1,30,0.25446076567292497,0.15471037220411993,0.18,3,68
335,0.38143903279135416,0.4091711378770449,-0.02773210508569074,0.4581485273313437,-0.07670949453998954,0.25802078451312865,1,30,0.26400823738794416,0.11743079540341,0.18,3,68
336,0.40088565122833514,0.38143903279135416,0.019446618436980978,0.4634650762680918,-0.06257942503975666,0.28668976057014295,1,30,0.25311438219421273,0.1477712690341224,0.18,3,68
337,0.4335083596061181,0.40088565122833514,0.03262270837778297,0.45299317836434094,-0.019484818758222833,0.2236180132447115,1,30,0.2582405106046372,0.1752678490014809,0.18,3,68
338,0.4647598204166751,0.4335083596061181,0.031251460810556964,0.4445428651870516,0.020216955229623468,0.174422050330875,1,30,0.2668462337446759,0.19791358667199915,0.18,3,68
339,0.463252392985143,0.4647598204166751,-0.0015074274315320935,0.4495166837149461,0.013735709270196905,0.1360491992580825,1,30,0.2765652886177312,0.18668710436741176,0.18,3,68
340,0.4047297359476572,0.463252392985143,-0.05852265703748577,0.39258696903905577,0.012142766908601443,0.10611837542130437,2,31,0.2751452475055346,0.12958448844212261,0.18,3,68
341,0.48523151313450413,0.4047297359476572,0.08050177718684692,0.3991381230045985,0.08609339012990563,0.11790930602367151,2,32,0.25492995982880995,0.23030155330569418,0.18,3,69
342,0.4964520666110786,0.48523151313450413,0.011220553476574469,0.3886831335292381,0.10776893308184049,0.13101034002630169,2,33,0.27799318850578736,0.21845887810529124,0.18,3,70
343,0.5232128882334065,0.4964520666110786,0.0267608216223279,0.4232624600990412,0.09995042813436528,0.14556704447366853,2,33,0.28233496286443516,0.24087792536897135,0.18,3,70
344,0.5724213051286463,0.5232128882334065,0.049208416895239804,0.4445892789433026,0.12783202618534373,0.16174116052629836,2,34,0.2944432709792251,0.2779780341494212,0.18,3,71
345,0.5002590426339357,0.5724213051286463,-0.07216226249471058,0.49953337729678104,0.0007256653371546795,0.12615810521051274,1,30,0.31974736617912614,0.1805116764548096,0.18,3,72
346,0.5572879553476484,0.5002590426339357,0.05702891271371269,0.4229972731515943,0.1342906821960541,0.14017567245612525,2,31,0.2858585701443198,0.2714293852033286,0.18,3,72
347,0.6071878551779888,0.5572879553476484,0.04989989983034038,0.5105021672371229,0.09668568794086585,0.1557507471734725,2,32,0.3107066082573189,0.2964812469206699,0.18,3,72
348,0.573069889914356,0.6071878551779888,-0.034117965263632755,0.5728598834291423,0.00021000648521374288,0.12148558279530856,2,33,0.33551466399543833,0.2375552259189177,0.18,3,72
349,0.6692708666986578,0.573069889914356,0.09620097678430173,0.5539248849737334,0.11534598172492438,0.1349839808836762,2,33,0.3202155456500217,0.34905532104863607,0.18,3,72
350,0.6606402414715489,0.6692708666986578,-0.00863062522710889,0.5749373582076374,0.08570288326391151,0.14998220098186243,2,34,0.35776043819523895,0.3028798032763099,0.18,3,72
351,0.6906906530626596,0.6606402414715489,0.03005041159111077,0.6226153990974927,0.0680752539651669,0.16664688997984714,2,34,0.35682055146679853,0.3338701015958611,0.18,3,72
352,0.6721349034819148,0.6906906530626596,-0.018555749580744796,0.6280142048374318,0.04412069864448309,0.18516321108871905,2,34,0.3629067320315168,0.30922817145039805,0.18,3,72
353,0.722191792131735,0.6721349034819148,0.050056888649820164,0.6370441936724551,0.08514759845927988,0.20573690120968782,1,30,0.36006384492172017,0.36212794721001484,0.18,3,72
354,0.7423445970673131,0.722191792131735,0.02015280493557814,0.6167465299832563,0.12559806708405685,0.22859655689965314,1,30,0.3618524001377274,0.38049219692958575,0.18,3,72
355,0.7333979371582341,0.7423445970673131,-0.008946659909079058,0.7197345688450618,0.013663368313172275,0.17830531438172945,1,30,0.36157760423772933,0.37182033292050476,0.18,3,72
356,0.743375065877439,0.7333979371582341,0.009977128719204864,0.7182538911817271,0.025121174695711845,0.13907814521774897,2,31,0.36536308832232095,0.378011977555118,0.18,3,72
357,0.7520742673825528,0.743375065877439,0.00869920150511383,0.7273179261845413,0.02475634119801151,0.10848095326984421,2,31,0.36475387048958735,0.38732039689296544,0.18,3,72
358,0.7292897598576757,0.7520742673825528,-0.02278450752487704,0.7243076696481359,0.00498209020953988,0.08461514355047849,2,32,0.36431278930049793,0.3649769705571778,0.18,3,72
359,0.7504266419335013,0.7292897598576757,0.021136882075825536,0.7281043433212284,0.02232229861227286,0.06599981196937323,2,32,0.36776138184947704,0.38266526008402424,0.18,3,72
360,0.7511859698891201,0.7504266419335013,0.0007593279556188381,0.7226252424290092,0.028560727460110957,0.05147985333611112,2,32,0.36438063001972887,0.38680533986939125,0.18,3,72
361,0.7631025210682444,0.7511859698891201,0.011916551179124268,0.7218919283434184,0.04121059272482597,0.057199837040123463,2,32,0.36459245051573574,0.39851007055250864,0.18,3,73
362,0.7746910795862525,0.7631025210682444,0.011588558518008107,0.7147125808837392,0.05997849870251326,0.06355537448902607,2,32,0.3664378879859096,0.4082531916003429,0.18,3,73
363,0.717126305488574,0.7746910795862525,-0.05756477409767846,0.7066709761811032,0.01045532930747084,0.04957319210144034,2,33,0.36440011416145407,0.35272619132711996,0.18,3,74
364,0.732164217971071,0.717126305488574,0.015037912482496973,0.7225287042210313,0.009635513750039681,0.03866708983912347,2,34,0.36954426562577847,0.36261995234529254,0.18,3,74
365,0.7619506870978467,0.732164217971071,0.02978646912677574,0.7238996242733848,0.03805106282446191,0.030160330074516305,2,34,0.3690740751487355,0.3928766119491112,0.18,3,74
366,0.6940230666175042,0.7619506870978467,-0.06792762048034251,0.711802313438451,-0.01777924682094678,0.02352505745812272,2,34,0.36469378347712617,0.32932928314037807,0.18,3,74
367,0.6780039329333968,0.6940230666175042,-0.016019133684107456,0.711100523492513,-0.03309659055911618,0.018349544817335722,2,35,0.36391309416566886,0.3140908387677279,0.18,3,74
368,0.6880138806091914,0.6780039329333968,0.010009947675794661,0.6793971425576142,0.008616738051577255,0.014312644957521863,2,35,0.35711487799181046,0.330899002617381,0.18,3,74
369,0.6871318203108102,0.6880138806091914,-0.0008820602983812265,0.689742545687157,-0.0026107253763467675,0.011163863066867053,2,35,0.35807541443098,0.3290564058798302,0.18,3,74
370,0.6482835357902071,0.6871318203108102,-0.03884828452060307,0.685337898895577,-0.0370543631053698,0.01,2,35,0.35582536066629067,0.2924581751239165,0.18,3,74
371,0.6623623065818515,0.6482835357902071,0.014078770791644324,0.6233359086555212,0.039026397926330225,0.01,2,36,0.3381147109352695,0.32424759564658195,0.18,3,74
372,0.6311298748132537,0.6623623065818515,-0.0312324317685978,0.6515589457472017,-0.02042907093394808,0.01,2,36,0.34340952373267697,0.2877203510805767,0.18,3,74
373,0.6110331152885341,0.6311298748132537,-0.020096759524719565,0.594495734776088,0.01653738051244613,0.01,2,36,0.32576601604194966,0.28526709924658444,0.18,3,74
374,0.5841025931686109,0.6110331152885341,-0.026930522119923195,0.5586537529669369,0.02544884020167404,0.01,2,37,0.31245664639267884,0.27164594677593207,0.18,3,74
375,0.6089663936005353,0.5841025931686109,0.024863800431924377,0.5142464330352147,0.09471996056532062,0.011111111111111112,2,37,0.29450697583512864,0.31445941776540665,0.18,3,74
376,0.5267099019027389,0.6089663936005353,-0.08225649169779636,0.577577776182709,-0.05086787427997008,0.012345679012345678,2,37,0.3109146433478525,0.2157952585548864,0.18,3,74
377,0.4636209352353118,0.5267099019027389,-0.06308896666742714,0.43201969720464645,0.031601238030665335,0.01,2,38,0.2596766021181289,0.2039443331171829,0.18,3,74
378,0.5367480255037638,0.4636209352353118,0.07312709026845199,0.38480129638559446,0.1519467291181693,0.011111111111111112,3,39,0.22524611823627058,0.31150190726749316,0.18,3,74
379,0.46943614250312826,0.5367480255037638,-0.06731188300063551,0.47248792346309965,-0.003051780959971384,0.01,3,40,0.26921916816170377,0.2002169743414245,0.18,3,74
380,0.4693403945023776,0.46943614250312826,-9.57480007506839e-05,0.4399144089161809,0.02942598558619669,0.01,3,40,0.2385422307457414,0.23079816375663617,0.18,3,74
381,0.48687693600725224,0.4693403945023776,0.01753654150487466,0.4289100512015213,0.05796688480573092,0.011111111111111112,3,40,0.23786287634094264,0.2490140596663096,0.18,3,74
382,0.403484649607804,0.48687693600725224,-0.08339228639944823,0.4350860214813431,-0.03160137187353912,0.01,3,41,0.24438273221283086,0.15910191739497315,0.18,3,74
383,0.403712700413376,0.403484649607804,0.00022805080557197766,0.3814449609618867,0.0222677394514893,0.01,3,42,0.21163096710835444,0.19208173330502154,0.18,3,74
384,0.38861736395130947,0.403712700413376,-0.015095336462066511,0.3707270692012481,0.017890294750061375,0.01,3,42,0.21397253616144019,0.17464482778986928,0.18,3,74
385,0.40471655618989794,0.38861736395130947,0.016099192238588467,0.3530923981640191,0.05162415802587883,0.011111111111111112,3,42,0.20626658525834157,0.19844997093155636,0.18,3,74
386,0.43381760632176436,0.40471655618989794,0.029101050131866424,0.3668650172829403,0.06695258903882406,0.012345679012345678,3,42,0.21133279568787577,0.22248481063388859,0.18,3,74
387,0.43655252842751185,0.43381760632176436,0.002734922105747495,0.38790905762509276,0.0486434708024191,0.013717421124828532,3,43,0.21940264040381519,0.21714988802369667,0.18,3,74
388,0.43333566335540946,0.43655252842751185,-0.003216865072102393,0.38803968412697276,0.0452959792284367,0.015241579027587257,3,43,0.21950114047773747,0.213834522877672,0.18,3,74
389,0.39641304431367136,0.43333566335540946,-0.0369226190417381,0.3841142786259145,0.01229876568775684,0.01188843164151806,3,43,0.21771982494650705,0.1786932193671643,0.18,3,74
390,0.3815356346248536,0.39641304431367136,-0.014877409688817733,0.3549953560827132,0.026540278542140416,0.01,3,43,0.20634615557278238,0.17518947905207125,0.18,3,74
391,0.45035461745409583,0.3815356346248536,0.0688189828292422,0.34146947946637585,0.10888513798771998,0.011111111111111112,3,44,0.20033693752145956,0.25001767993263624,0.18,3,74
392,0.4489293926210976,0.45035461745409583,-0.0014252248329982287,0.39032207773206884,0.05860731488902876,0.012345679012345678,3,45,0.21744906048980706,0.23148033213129054,0.18,3,74
393,0.48579771525140386,0.4489293926210976,0.03686832263030626,0.3881290892653503,0.09766862598605358,0.013717421124828532,3,45,0.21722545011559014,0.2685722651358137,0.18,3,74
394,0.5071273438970827,0.48579771525140386,0.021329628645678833,0.40907302067368334,0.09805432322339935,0.015241579027587257,3,46,0.2264314472589982,0.2806958966380845,0.18,3,74
395,0.5097676853574513,0.5071273438970827,0.0026403414603686226,0.4246602033703918,0.08510748198705953,0.016935087808430286,3,47,0.23422692069760898,0.27554076465984234,0.18,3,74
396,0.5432869642887174,0.5097676853574513,0.03351927893126605,0.4297279838167163,0.11355898047200108,0.018816764231589206,3,47,0.23618340722272219,0.3071035570659952,0.18,3,74
397,0.5489786317787321,0.5432869642887174,0.005691667490014707,0.4554708337449247,0.09350779803380738,0.020907515812876896,3,47,0.2509139528073053,0.2980646789714268,0.18,3,74
398,0.5761974597446651,0.5489786317787321,0.027218827965933,0.4645465222129195,0.1116509375317456,0.023230573125418773,3,47,0.2550857924260789,0.3211116673185862,0.18,3,74
399,0.5654891502885723,0.5761974597446651,-0.010708309456092802,0.4889231476496874,0.07656600263888486,0.02581174791713197,3,47,0.2690779196856544,0.29641123060291785,0.18,3,74
400,0.5989619015519863,0.5654891502885723,0.03347275126341398,0.4842871863543246,0.11467471519766165,0.028679719907924412,3,47,0.26490606014372664,0.3340558414082596,0.18,3,74
401,0.628624689630421,0.5989619015519863,0.0296627880784347,0.5113343301053275,0.11729035952509348,0.03186635545324935,3,48,0.281637870614512,0.34698681901590894,0.18,3,74
402,0.6641006207987785,0.628624689630421,0.035475931168357566,0.5556781021332081,0.1084225186655704,0.03540706161472149,3,48,0.29600883406273926,0.36809178673603926,0.18,3,74
403,0.6529823131740202,0.6641006207987785,-0.011118307624758295,0.5733250550821698,0.07965725809185042,0.03934117957191277,3,49,0.3108722573500268,0.3421100558239934,0.18,3,74
404,0.694186020548453,0.6529823131740202,0.041203707374432796,0.5658857793810271,0.1283002411674259,0.043712421746569745,3,49,0.30595189087066993,0.3882341296777831,0.18,3,74
405,0.6916833127793462,0.694186020548453,-0.002502707769106771,0.5697276654370118,0.12195564734233444,0.048569357496188605,3,49,0.31889074603493267,0.3727925667444136,0.18,3,74
406,0.7111696303765792,0.6916833127793462,0.01948631759723296,0.5669185134302721,0.1442511169463071,0.053965952773542894,3,49,0.3180526041953745,0.3931170261812047,0.18,3,74
407,0.7490159324056409,0.7111696303765792,0.037846302029061696,0.5609407441795491,0.18807518822609182,0.05996216974838099,3,49,0.32187951421857686,0.42713641818706405,0.18,3,74
408,0.6908189005801134,0.7490159324056409,-0.05819703182552749,0.5407295556903476,0.15008934488976577,0.06662463305375665,3,49,0.3252565391734007,0.3655623614067127,0.18,3,74
409,0.7186306387613096,0.6908189005801134,0.0278117381811962,0.5632741864077977,0.15535645235351192,0.07402737005972962,3,49,0.3196812313468999,0.3989494074144097,0.18,3,74
410,0.7222737647312473,0.7186306387613096,0.003643125969937655,0.5528623272563394,0.16941143747490783,0.08225263339969957,3,49,0.3236683427082297,0.3986054220230176,0.18,3,74
411,0.7070515852919343,0.7222737647312473,-0.015222179439312922,0.5493805664115898,0.15767101888034452,0.09139181488855508,3,49,0.324033871410848,0.38301771388108635,0.18,3,74
412,0.752196259588422,0.7070515852919343,0.04514467429648761,0.5538225362844971,0.1983737233039249,0.10154646098728341,3,49,0.32230734010541945,0.4298889194830025,0.18,3,74
413,0.7892986077282623,0.752196259588422,0.03710234813984037,0.525750380881089,0.2635482268471733,0.11282940109698157,3,49,0.32303171247472795,0.4662668952535344,0.18,3,74
414,0.7624839972931758,0.7892986077282623,-0.026814610435086483,0.4916868770549056,0.27079712023827024,0.1253660012188684,3,49,0.3198053436960775,0.44267865359709835,0.18,3,74
415,0.7712450251971891,0.7624839972931758,0.00876102790401323,0.5207324161540561,0.250512609043133,0.13929555690985376,3,49,0.3302902278929261,0.44095479730426296,0.18,3,74
416,0.7879258092754342,0.7712450251971891,0.016680784078245137,0.5125579064933811,0.27536790278205314,0.15477284101094863,2,49,0.33659526019641556,0.45133054907901865,0.18,3,74
417,0.7860656427653615,0.7879258092754342,-0.0018601665100727027,0.6037827768944137,0.18228286587094777,0.17196982334549846,2,50,0.336205466820137,0.4498601759452245,0.18,3,74
418,0.7412191344735625,0.7860656427653615,-0.044846508291799037,0.6117737619160647,0.12944537255749777,0.1910775814949983,2,50,0.34104362968985497,0.4001755047837075,0.18,3,74
419,0.7648995461786458,0.7412191344735625,0.023680411705083282,0.6190679316041207,0.1458316145745251,0.21230842388333143,2,51,0.3399158002005246,0.42498374597812116,0.18,3,74
420,0.7196831609735246,0.7648995461786458,-0.04521638520512117,0.6147296974243543,0.10495346354917023,0.23589824875925713,2,51,0.34114827077290777,0.3785348902006168,0.18,3,74
421,0.6811674201617074,0.7196831609735246,-0.03851574081181719,0.6088422059046013,0.07232521425710614,0.2621091652880635,2,52,0.33562938461298075,0.34553803554872664,0.18,3,74
422,0.6705837817859912,0.6811674201617074,-0.010583638375716187,0.581641033167017,0.08894274861897422,0.2912324058756261,1,30,0.32049830451279004,0.35008547727320116,0.18,3,74
423,0.6306267984984558,0.6705837817859912,-0.039956983287535386,0.6099676757395276,0.020659122758928228,0.22716127658298838,1,30,0.3135971893616579,0.3170296091367979,0.18,3,74
424,0.6267402032983912,0.6306267984984558,-0.0038865952000646242,0.6130749903090144,0.01366521298937684,0.17718579573473095,1,30,0.29032286084363285,0.33641734245475835,0.18,3,74
425,0.6206677326626534,0.6267402032983912,-0.006072470635737792,0.6054262069389874,0.015241525723665994,0.13820492067309015,2,31,0.2872384204816483,0.3334293121810051,0.18,3,74
426,0.6300267343911863,0.6206677326626534,0.009359001728532879,0.6084531941983757,0.021573540192810547,0.10779983812501032,2,31,0.28318769975121455,0.34683903463997173,0.18,3,74
427,0.633197720340889,0.6300267343911863,0.003170985949702665,0.615239494152535,0.017958226188353965,0.08408387373750804,2,31,0.28841743905919015,0.3447802812816988,0.18,3,74
428,0.5360668369131721,0.633197720340889,-0.09713088342771681,0.6166898673439913,-0.0806230304308192,0.09342652637500894,2,31,0.2897389498553005,0.24632788705787162,0.18,3,74
429,0.5613628187334545,0.5360668369131721,0.025295981820282365,0.5035744749906153,0.057788343742839254,0.1038072515277877,2,32,0.234156903928664,0.3272059148047905,0.18,3,74
430,0.507196817954177,0.5613628187334545,-0.05416600077927747,0.55022809028183,-0.043031272327652914,0.11534139058643078,2,33,0.25284998971209516,0.2543468282420819,0.18,3,74
431,0.5277529191130492,0.507196817954177,0.020556101158872186,0.45679849545785756,0.07095442365519167,0.12815710065158975,2,34,0.22329879778288303,0.3044541213301662,0.18,3,74
432,0.496535440549449,0.5277529191130492,-0.031217478563600243,0.4974053107190798,-0.0008698701696308042,0.09996253850824001,2,34,0.23690850921970955,0.25962693132973946,0.18,3,74
433,0.43944693432269777,0.496535440549449,-0.05708850622675121,0.44741959270325893,-0.00797265838056116,0.07797078003642721,2,34,0.22109506199855122,0.21835187232414655,0.18,3,74
434,0.4955210538864234,0.43944693432269777,0.056074119563725655,0.36147948826689125,0.13404156561953218,0.08663420004047467,2,35,0.19396575548232298,0.30155529840410045,0.18,3,74
435,0.44615346839876263,0.4955210538864234,-0.04936758548766079,0.4566796949558445,-0.010526226557081853,0.06757467603157025,2,35,0.22173491818781077,0.22441855021095186,0.18,3,74
436,0.43892433394402425,0.44615346839876263,-0.007229134454738384,0.4151367575118722,0.02378757643215207,0.0527082473046248,2,35,0.19983157045152503,0.23909276349249922,0.18,3,74
437,0.4186793298124027,0.43892433394402425,-0.020245004131621558,0.4077778076659271,0.010901522146475606,0.04111243289760734,2,35,0.19746670870275915,0.22121262110964354,0.18,3,74
438,0.42447471412720816,0.4186793298124027,0.005795384314805474,0.3913278293734459,0.03314688475376226,0.032067697660133725,2,36,0.18751143822703253,0.23696327590017563,0.18,3,74
439,0.44926305345636725,0.42447471412720816,0.02478833932915908,0.3968039078578607,0.05245914559850656,0.03563077517792636,3,37,0.19031535837450897,0.2589476950818583,0.18,3,74
440,0.43392963446392613,0.44926305345636725,-0.015333418992441117,0.42216139892989457,0.011768235534031557,0.02779200463878256,3,38,0.19991853790503455,0.23401109655889157,0.18,3,74
441,0.44933594470079824,0.43392963446392613,0.015406310236872112,0.4152395294811715,0.03409641521962675,0.021677763618250398,3,38,0.19361412237914385,0.2557218223216544,0.18,3,74
442,0.4549596357158937,0.44933594470079824,0.005623691015095467,0.4200529028954776,0.03490673282041612,0.01690865562223531,3,38,0.19908759130864004,0.25587204440725364,0.18,3,74
443,0.4859912253409482,0.4549596357158937,0.03103158962505448,0.4221174393240929,0.06387378601685528,0.018787395135817012,3,38,0.2008322815682985,0.2851589437726497,0.18,3,74
444,0.453644768308797,0.4859912253409482,-0.032346457032151166,0.43492284493415245,0.018721923374644567,0.01465416820593727,3,39,0.21159357675752208,0.24205119155127494,0.18,3,74
445,0.43658480103751995,0.453644768308797,-0.017059967271277066,0.42457674963735725,0.0120080514001627,0.01143025120063107,3,39,0.2001542793659427,0.23643052167157724,0.18,3,74
446,0.513377593193773,0.43658480103751995,0.07679279215625301,0.4147848282071297,0.09859276498664327,0.012700279111812299,3,39,0.1936404018070957,0.3197371913866772,0.18,3,74
447,0.49332001705409356,0.513377593193773,-0.0200575761396794,0.4427219264828941,0.05059809057119946,0.014111421235346998,3,40,0.22007761079939525,0.2732424062546983,0.18,3,74
448,0.5458981278833552,0.49332001705409356,0.05257811082926167,0.44576908750148225,0.10012904038187298,0.01567935692816333,3,40,0.21291408252928526,0.33298404535407,0.18,3,74
449,0.5453351485428948,0.5458981278833552,-0.0005629793404604566,0.4789580128429648,0.06637713569992998,0.017421507697959256,3,41,0.2323085728780509,0.3130265756648439,0.18,3,74
450,0.5512384203735075,0.5453351485428948,0.0059032718306126775,0.47786925872378994,0.07336916164971752,0.019357230775510284,3,41,0.23285685689144062,0.3183815634820668,0.18,3,74
451,0.5827939539182488,0.5512384203735075,0.03155553354474139,0.4847450353197316,0.09804891859851722,0.021508034195011426,3,41,0.2363934587915651,0.34640049512668375,0.18,3,74
452,0.6429309353068701,0.5827939539182488,0.060136981388621225,0.49985021375812394,0.14308072154874613,0.023897815772234918,3,42,0.2507951434919951,0.39213579181487496,0.18,3,74
453,0.6664090870700298,0.6429309353068701,0.023478151763159705,0.5090115603873849,0.15739752668264484,0.026553128635816575,3,42,0.28005914337249554,0.3863499436975342,0.18,3,74
454,0.636517012733711,0.6664090870700298,-0.029892074336318797,0.5046832372978494,0.1318337754358616,0.029503476262018415,3,42,0.29349153010599927,0.3430254826277117,0.18,3,74
455,0.6587756199750536,0.636517012733711,0.022258607241342654,0.511897947977688,0.14687767199736568,0.03278164029113157,3,42,0.28003536674485263,0.378740253230201,0.18,3,74
456,0.7010815015347942,0.6587756199750536,0.04230588155974058,0.5051385982231958,0.19594290331159836,0.03642404476792397,3,42,0.29061122688446656,0.41047027465032765,0.18,3,74
457,0.6715888233587659,0.7010815015347942,-0.029492678176028297,0.4818626553540133,0.18972616800475262,0.04047116085324885,3,42,0.3079544141896589,0.363634409169107,0.18,3,74
458,0.7185079365586075,0.6715888233587659,0.046919113199841544,0.5034199616695442,0.21508797488906328,0.04496795650360984,3,42,0.29764992951807523,0.4208580070405322,0.18,3,74
459,0.7256425470265807,0.7185079365586075,0.007134610467973257,0.4703711330070488,0.2552714140195319,0.04996439611512204,3,42,0.31289189369663983,0.4127506533299409,0.18,3,74
460,0.7486817081238256,0.7256425470265807,0.02303916109724491,0.4706678427649829,0.2780138653588427,0.05551599568346893,3,42,0.31723373948376254,0.4314479686400631,0.18,3,74
461,0.7327832008922507,0.7486817081238256,-0.015898507231574932,0.4546093113992283,0.2781738894930224,0.06168443964829881,3,42,0.32233939007397,0.4104438108182807,0.18,3,74
462,0.7247262967735325,0.7327832008922507,-0.008056904118718178,0.4772805100578154,0.2474457867157171,0.06853826627588756,3,43,0.32248951834554473,0.4022367784279878,0.18,3,74
463,0.721406659410037,0.7247262967735325,-0.003319637363495498,0.48843802038046663,0.23296863902957038,0.07615362919543063,3,43,0.3207736407390541,0.4006330186709829,0.18,3,74
464,0.7518621427499939,0.721406659410037,0.030455483339956846,0.48894438008483165,0.2629177626651622,0.08461514355047847,3,43,0.31983171315053555,0.4320304295994583,0.18,3,74
465,0.7726077734509176,0.7518621427499939,0.020745630700923723,0.46653884789552513,0.30606892555539245,0.0940168261671983,3,44,0.32478178005106123,0.44782599339985635,0.18,3,74
466,0.7786797017746367,0.7726077734509176,0.006071928323719167,0.45178294043767114,0.3268967613369656,0.10446314018577588,3,45,0.32890865894898874,0.449771042825648,0.18,3,74
467,0.8340091662143606,0.7786797017746367,0.05532946443972386,0.4523985240572685,0.3816106421570921,0.11607015576197319,2,45,0.33352412458760405,0.5004850416267566,0.18,3,74
468,0.8104412471044141,0.8340091662143606,-0.02356791910994649,0.5559722732590757,0.2544689738453384,0.12896683973552575,2,46,0.3284128921778087,0.4820283549266054,0.18,3,74
469,0.7536391567640777,0.8104412471044141,-0.05680209034033645,0.6100038822101992,0.14363527455387848,0.1432964885950286,2,47,0.3527672223247853,0.40087193443929237,0.18,3,74
470,0.7790462292757109,0.7536391567640777,0.02540707251163321,0.615395019935941,0.16365120933976984,0.1592183206611429,2,47,0.34115093348467335,0.43789529579103753,0.18,3,74
471,0.7507069264451836,0.7790462292757109,-0.028339302830527324,0.6124897447796843,0.13821718166549923,0.17690924517904766,2,47,0.34545837103015503,0.4052485554150285,0.18,3,74
472,0.7423093270910982,0.7507069264451836,-0.00839759935408535,0.6099635033692419,0.13234582372185633,0.19656582797671962,2,47,0.3414414700143416,0.4008678570767566,0.18,3,74
473,0.7407539602524639,0.7423093270910982,-0.0015553668386343311,0.6052477630896542,0.13550619716280965,0.21840647552968845,2,48,0.3392210443117466,0.40153291594071727,0.18,3,74
474,0.7366595324095452,0.7407539602524639,-0.004094427842918691,0.601059698424014,0.13559983398553122,0.24267386169965383,2,48,0.33829230442151315,0.39836722798803204,0.18,3,74
475,0.6963273231473718,0.7366595324095452,-0.0403322092621734,0.5967043059247817,0.09962301722259004,0.26963762411072645,2,48,0.33658859530623186,0.3597387278411399,0.18,3,74
476,0.7138346749825089,0.6963273231473718,0.017507351835137075,0.5729438807036382,0.14089079427887063,0.2995973601230294,1,30,0.31914645030954397,0.3946882246729649,0.18,3,74
477,0.6401692687103191,0.7138346749825089,-0.07366540627218976,0.6202233222061487,0.019945946504170364,0.23368594089596295,1,30,0.32559967085122576,0.31456959785909333,0.18,3,74
478,0.6496671691081541,0.6401692687103191,0.009497900397835046,0.7043388454054856,-0.054671676297331495,0.2596510454399588,1,30,0.28157745072568485,0.3680897183824693,0.18,3,74
479,0.6948246113564353,0.6496671691081541,0.04515744224828111,0.5012263394161414,0.1935982719402939,0.28850116159995426,1,30,0.2886336344972675,0.4061909768591678,0.18,3,74
