target_date,actual,persistence,momentum,momentum__lower,momentum__upper,paridade,paridade__lower,paridade__upper,paridade_l2,paridade_l2__lower,paridade_l2__upper,paridade_ecm,paridade_ecm__lower,paridade_ecm__upper,paridade_l2_ecm,paridade_l2_ecm__lower,paridade_l2_ecm__upper,paridade_l2_ecm_brent,paridade_l2_ecm_brent__lower,paridade_l2_ecm_brent__upper,paridade_l2_ecm_prod,paridade_l2_ecm_prod__lower,paridade_l2_ecm_prod__upper,arima,persistence_pred
2021-08-22,4.67,4.674,4.67929723952932,4.657015628792671,4.710271023445356,4.678966618440905,4.656033681210865,4.708777533776628,4.6763270489760025,4.652930121853151,4.702744798427369,4.679137569114133,4.655993074959764,4.710228953841778,4.676247870563051,4.652948589930524,4.706786902455141,4.6766836143532,4.651620520115118,4.70608806801421,4.675663226122324,4.652306356835886,4.704123652413822,4.678144615490625,4.674
2021-08-29,4.691,4.67,4.670770437992856,4.642259321843098,4.710612300676182,4.66315287160752,4.634497976215892,4.700796607142261,4.662638547196489,4.633124121065405,4.695940757174605,4.662382832506971,4.6335368145908875,4.70145434184978,4.661894476869451,4.63254906629837,4.7008673353373105,4.662205158135195,4.630830076983441,4.699149402884833,4.661440483626366,4.632143958515521,4.697239373102547,4.668724733695193,4.67
2021-09-05,4.746,4.691,4.698438937649415,4.6672916820841,4.741660307983933,4.707312031184227,4.675810670683884,4.748064936463725,4.703438583215854,4.670959519442833,4.739105453212772,4.7085175143143125,4.676923223695024,4.750592924689701,4.704248864583322,4.672038161788627,4.746479274861496,4.704743229794397,4.670400691257235,4.744719056434802,4.703710616679347,4.671773732759105,4.7426990262654405,4.697695148100239,4.691
2021-09-12,4.762,4.746,4.76257724637424,4.743940952714576,4.788487327904352,4.764261635253765,4.744954816320375,4.789173417899861,4.768155892493901,4.748426815919253,4.7916440585468365,4.764908263133511,4.74556237777427,4.790852495572292,4.76868931859584,4.749316483955696,4.794593593654821,4.767495475598683,4.7464530599517545,4.792635859554417,4.767283452839362,4.747541253230497,4.792560861442392,4.763534911691106,4.746
2021-09-19,4.77,4.762,4.768201516412159,4.752590099960731,4.789895492507069,4.768615223554741,4.75215317957306,4.789879381172527,4.7694725582628665,4.752702693064881,4.789345003605493,4.768990341803759,4.752469995820569,4.791235199305695,4.769686042424943,4.753154341072558,4.791777990634732,4.7694605795255205,4.75150834930487,4.791041093707344,4.768867061840971,4.752071282394104,4.790378214729454,4.767101065219229,4.762
2021-09-26,4.83,4.77,4.774075863893986,4.7460893706939675,4.812905863231498,4.781421189017338,4.753341541038843,4.817680122208875,4.78209684705755,4.7533596514425325,4.816019865107408,4.782534053166953,4.754844232330606,4.820023327242512,4.782888562474921,4.754906549545418,4.82035934399244,4.7828700838452605,4.752834260464061,4.819249382122846,4.781962778808664,4.753476406855218,4.8181407450031815,4.772550532609615,4.77
2021-10-03,5.014,4.83,4.8479879584657635,4.824224380847724,4.8810184723544,4.852707597042656,4.828690121218916,4.883662788421147,4.855623897136598,4.831592790867984,4.885528709955737,4.85378055269437,4.830430802013681,4.885705905789785,4.85642724265367,4.8329198823157675,4.888669253606957,4.856652364979713,4.831554352492237,4.887947003491843,4.8541256763529885,4.829430409599695,4.885397804255697,4.849128994572115,4.83
2021-10-10,5.033,5.014,5.066058660104207,5.031211412458457,5.114269179784837,5.074097951592019,5.03957310835878,5.119071856585054,5.073760962893516,5.039850536265169,5.117010051800485,5.076389555074875,5.042641495739255,5.121609981840566,5.075433607788947,5.042512409068304,5.12089592505627,5.0742641669333866,5.038992943512351,5.11897028460669,5.070472018734856,5.034106046039425,5.115282515235887,5.07266225002115,5.014
2021-10-17,5.048,5.033,5.039945637523374,5.004756334271876,5.088985265060254,5.049935087748011,5.014822223204679,5.095352556787724,5.05534223786752,5.019810017164347,5.099648711363864,5.051507716602893,5.017357324850107,5.097489745830996,5.056520748245303,5.0207999947324495,5.102646312622623,5.055620630389901,5.018970523612412,5.100516780658974,5.064357459809519,5.029603532901205,5.110139742619248,5.039057514947837,5.033
2021-10-24,5.29,5.048,5.053958601593471,5.028182554657372,5.0898750091117595,5.0588555938687705,5.032663070923446,5.092712911770208,5.0639709502753885,5.037646870463597,5.097051184716044,5.059641007691139,5.034070753248883,5.094111922454458,5.064578409868703,5.0381411939650445,5.099138514292205,5.063273975048888,5.035399905240041,5.0970254601182985,5.067058781571888,5.040973120364279,5.101486393447241,5.0527822486430285,5.048
2021-10-31,5.425,5.29,5.354403842196719,5.321759990727754,5.399430319436735,5.357664330017879,5.32519616535019,5.3990050552733795,5.355926074503067,5.323306934230274,5.396566204817923,5.358859262870895,5.327768329932363,5.401928023213776,5.357274085276648,5.325568244638807,5.399157832459952,5.358806469634118,5.3256671665765065,5.3994492223889266,5.3507949900435,5.318217268014734,5.392837512118997,5.367153611440861,5.29
2021-11-07,5.45,5.425,5.464787091988171,5.434473934440447,5.5057920616738025,5.457460075826789,5.427439517842235,5.497988213165199,5.457578357737399,5.427348342133677,5.495677838335815,5.4577760709323515,5.427590539015048,5.498582174442582,5.457886281849059,5.429090908370331,5.497235530367456,5.456955280403673,5.42609884128106,5.495161282562618,5.456008048799029,5.424781725624214,5.4958801935281105,5.468040237787257,5.425
2021-11-14,5.448,5.45,5.458952049155272,5.427055623367825,5.502509663665473,5.452326231740702,5.421112332868252,5.4946433572294335,5.448822382537956,5.417643220942307,5.488767029461736,5.452157437010446,5.420964932040928,5.49492037299302,5.448526957156747,5.4185162622698675,5.489626722840624,5.449641142115127,5.417488922697496,5.489774291064739,5.458742338844775,5.426244986171484,5.500388688046678,5.457970414405048,5.45
2021-11-21,5.447,5.448,5.449599038892645,5.414112393116091,5.497918276378591,5.441267483131552,5.407089552579495,5.4874921036665025,5.437744007958998,5.403866313642292,5.4817940437154595,5.440728965529437,5.406853789928166,5.4874724528892695,5.437205468727658,5.404420277931862,5.482177591315354,5.439566400074231,5.404210710165088,5.483829827775367,5.440433239353052,5.404278073876751,5.486128273001592,5.457198435470662,5.448
2021-11-28,5.446,5.447,5.448846905153177,5.421412276683432,5.48668493394734,5.444880274051352,5.417548348685114,5.481338132831685,5.4406632607721575,5.413806562877044,5.475610494299412,5.445060637165709,5.418064536403382,5.482035476017309,5.440612781059626,5.414670081203981,5.476281474211078,5.442312819259537,5.413820786913851,5.477624910729222,5.4407384390405005,5.412036394027038,5.476943129027773,5.449803627427451,5.447
2021-12-05,5.435,5.446,5.44783191651087,5.399754402581455,5.514444266032614,5.4316818125736885,5.384923872432208,5.4937697716523575,5.4290376368676,5.382767149815516,5.489355728964125,5.430443879406833,5.384721141831213,5.492918437066491,5.428129567256332,5.383680660175134,5.489236403629254,5.427494829278628,5.379218661065143,5.48749951807473,5.427702068908453,5.378554145329703,5.48977342981676,5.446651529934205,5.446
2021-12-12,5.419,5.435,5.434084555345326,5.410355095724687,5.467249435632554,5.436636594071182,5.412187163258258,5.468664768202383,5.4292063712269565,5.404724325355195,5.460402181663338,5.437859368020021,5.414033689028752,5.470066935882226,5.429947097594438,5.406243059531407,5.461458453897584,5.4295356411336995,5.403642514947598,5.460810350397757,5.429993698907194,5.404077104984871,5.461861245437979,5.432007287540596,5.435
2021-12-19,5.413,5.419,5.416661622246992,5.377750275133373,5.471227506996162,5.4285883230935195,5.389818658570538,5.479425637106513,5.430791643690779,5.391572653292867,5.481153198107355,5.430607259954842,5.393148963478521,5.481468155643794,5.432318236110128,5.394467786570058,5.482684025528314,5.431411698163187,5.390777370582284,5.480810739718074,5.4316219860716775,5.390318174074117,5.482757576000704,5.413320870954079,5.419
2021-12-26,5.41,5.413,5.413370881571357,5.392451972426808,5.443025999361785,5.414335190038671,5.392419099906007,5.4433585218743135,5.420520625327766,5.398352640713449,5.448980115877763,5.414796743246837,5.393095322215142,5.443969578039917,5.420892851388125,5.398998414916172,5.449519625344795,5.419068507907893,5.395903980214104,5.447367662168329,5.419862967773597,5.396568782691525,5.4489847262216315,5.40933676829781,5.413
2022-01-02,5.426,5.41,5.411175569384677,5.379128535429938,5.456581340950756,5.418866103375636,5.386451083648722,5.461982284288661,5.419948632842602,5.386677767548683,5.462744062736976,5.4202580718609,5.38850384386143,5.463084885251284,5.420783556489138,5.388189790603069,5.463588888148317,5.41957400327325,5.3855337295968955,5.461582799622112,5.419999438869503,5.385382480254244,5.463596952456844,5.407891188639717,5.41
2022-01-09,5.492,5.426,5.432401864337277,5.408759445896927,5.465799169368692,5.429901476086383,5.40564994738257,5.4623198490088205,5.43346730797813,5.408573028762233,5.465490363456847,5.429957709050468,5.406218078444519,5.462026079090495,5.43352917753782,5.408917706537966,5.4655361593412435,5.434845855438522,5.409377729669894,5.466556504817875,5.432464432025483,5.4065574685812265,5.465047135616873,5.429962271159039,5.426
2022-01-16,5.638,5.492,5.512157162211202,5.468186557198434,5.575820890187382,5.526384782872324,5.482798290711049,5.585215124390224,5.524745183396571,5.479872415295795,5.5824893980180015,5.5289306719834075,5.486265056486728,5.586495469208436,5.526435433469887,5.482513355875633,5.583667944577611,5.527235913210421,5.482347522035917,5.582949250543711,5.524587429714355,5.477821578107829,5.582799005065309,5.512605319003489,5.492
2022-01-23,5.646,5.638,5.680923174376523,5.647353033026644,5.728567644357374,5.686677249640236,5.654268245856107,5.7308284834137595,5.691853028879388,5.659532634348559,5.734696892755585,5.688702723288102,5.655989137912312,5.733107263907525,5.693812915607201,5.66287772732989,5.736321378996057,5.692420038230881,5.6590452977502474,5.734743036046205,5.689944646948922,5.655914280164704,5.733752361312879,5.687566175356263,5.638
2022-01-30,5.646,5.646,5.6502663539922455,5.6272719047634014,5.68280502458198,5.651221551775818,5.6279696442053275,5.68344131765338,5.654426045459727,5.631430351910331,5.684526903521091,5.651789172291294,5.628608824261548,5.683736598054713,5.6548440769810995,5.63264828183066,5.685909308391393,5.654939619370135,5.63076054042587,5.685215753885855,5.661189646573044,5.636979226707896,5.6924047458833265,5.665016897219109,5.646
2022-02-06,5.653,5.646,5.648127765019681,5.617505254906704,5.6915148742900135,5.6534633901653555,5.6232065197855166,5.6955028526470635,5.65429634480555,5.624285258279042,5.693785681239388,5.654513230373103,5.624577544656221,5.695935882471832,5.654924622842729,5.625937719921434,5.695533610379104,5.653671242612858,5.622510763863657,5.693025909467272,5.658600540111428,5.626839468434324,5.699642338186731,5.652399913266826,5.646
2022-02-13,5.653,5.653,5.6570021583167955,5.629098313960856,5.696633232751681,5.66083440086085,5.632999536847294,5.699344985625582,5.663469819903894,5.636082399333695,5.699799802187456,5.661726303939896,5.634318637444294,5.699710956443781,5.664014910907558,5.637474000860473,5.7011270980770306,5.6657918966153185,5.637203780359896,5.702001297383149,5.6634145384910735,5.6342301031807915,5.70118366260978,5.6571978010883,5.653
2022-02-20,5.651,5.653,5.655131098454521,5.629821028420241,5.691196033306828,5.652880691480152,5.62738189880096,5.688092190270534,5.654627556553956,5.629646116208179,5.687943944192393,5.652887032459988,5.627745960313815,5.687876675661358,5.654624530776561,5.630275442017516,5.688657571074222,5.653759568637608,5.627603664554331,5.687145506117743,5.654351835899321,5.627632549664333,5.6890834928664935,5.653,5.653
2022-02-27,5.668,5.651,5.652587830589587,5.611312843382292,5.711633100388845,5.641454125618282,5.601220736539173,5.697028085782595,5.639918621730804,5.600228299063298,5.693197380879929,5.640346147767519,5.6009750260963465,5.69526659678593,5.6392376335521535,5.600727464354498,5.693063794720963,5.6417794335052704,5.601012983527827,5.69441299348342,5.6387586836245625,5.596584943128766,5.693742781289949,5.650300435344561,5.651
2022-03-06,5.912,5.668,5.6746761235432785,5.6453255052507645,5.716983580065805,5.679447073386393,5.649545690112058,5.720110125187365,5.6744561764428045,5.645108052803235,5.713371095136383,5.680556811931669,5.651022328433107,5.720703210996756,5.675138055418905,5.646657824232774,5.714450828234151,5.67633153918706,5.645876185745887,5.7151313591745625,5.674853703482092,5.643729335672981,5.714873428997524,5.673946299571231,5.668
2022-03-13,6.751,5.912,5.97927481535336,5.855393942333351,6.154379434397039,6.031398148438462,5.914098512503397,6.193077009594972,6.0321587313752945,5.914756050354704,6.184146821461361,6.0392451017616535,5.925608669450777,6.199128507100678,6.036202196638625,5.923363054407289,6.1921052394690035,6.032638250570471,5.915476096416365,6.184162482626875,6.03062021411556,5.909725193474228,6.186116505022182,5.997346887963548,5.912
2022-03-20,6.674,6.751,6.996081487456139,6.57156898235805,7.5825640524471165,6.9520509780811075,6.6490735337719755,7.40263281323268,6.963174551404308,6.643598353404972,7.396294925501966,6.954714991000272,6.653750519298013,7.406421018635468,6.966067233322505,6.666775104965758,7.398953080472735,6.967428608790831,6.678991797040653,7.427817464893934,6.9512773772917935,6.648111122600617,7.412082038939865,7.0444673729566265,6.751
2022-03-27,6.73,6.674,6.6590279152298,6.366855873924323,7.095455155485944,6.679681180634418,6.46336853125874,6.967458505482713,6.6737428517041115,6.4546467070001885,6.963228013490018,6.682416271512134,6.482298248823711,6.984853518874504,6.676378927694478,6.465701442167614,6.971771544778617,6.67014512498279,6.476539403500174,6.969100842923969,6.692502068047801,6.499435920623523,6.994838840978349,6.647066760765602,6.674
2022-04-03,6.73,6.73,6.744915160333626,6.373138733775809,7.303012113293114,6.773974626605761,6.529190315906516,7.089672309183079,6.775784880606144,6.516696850701046,7.093427081779551,6.777437479688069,6.537052348402293,7.139820667010088,6.778884066940428,6.53701484446842,7.135150484677917,6.774223408773413,6.538743363496775,7.1341827072377955,6.791380216616718,6.561576013422758,7.120273782295288,6.74958781035229,6.73
2022-04-10,6.722,6.73,6.73247240537271,6.0583049133465945,7.731336878773026,6.664466816373696,6.173920783506247,7.3357297613451315,6.667840980197437,6.1692485924892,7.3525081720402525,6.657129921486905,6.195532738826224,7.3145993334483865,6.661713232628134,6.196689771024668,7.367149081339611,6.661554060958575,6.207398332302041,7.323773951959935,6.6616875118238825,6.218330951409712,7.3703226725929385,6.73,6.73
2022-04-17,6.733,6.722,6.722721094048447,6.6368684150143755,6.857299563745394,6.7175115187422225,6.642826150695638,6.8266472432486065,6.706557673768369,6.630020020423802,6.809817713357712,6.719657121081723,6.653055128595611,6.833186655257415,6.709242188983922,6.63692634250452,6.822922363764993,6.71172693078066,6.6422782531390965,6.823239143536168,6.712422852332305,6.64566665536351,6.82116890498555,6.719201741378245,6.722
2022-04-24,6.741,6.733,6.73796462682061,6.409853307538611,7.229359071964801,6.778524991462313,6.504548676449948,7.175672516071068,6.7782502552048,6.495550451664232,7.159250292230296,6.7833680581042755,6.538415549086913,7.201073734997874,6.782723005673444,6.516269784120856,7.190560403654818,6.778701465103246,6.523942313875405,7.178573577822365,6.777754973255945,6.521650775021169,7.1903392354253395,6.736847605604913,6.733
2022-05-01,6.775,6.741,6.745274607458659,6.682819758046098,6.8528045006292295,6.7515037945258625,6.69299688963741,6.847156827071175,6.756950664877868,6.694162291488079,6.8552310131432685,6.753196953296806,6.69544822711089,6.853397521612189,6.758595609412234,6.696897045989836,6.8592483151240575,6.747619733092426,6.690615239872365,6.8442548706271085,6.756498635685881,6.703397557625031,6.84865387983012,6.743798258621755,6.741
2022-05-08,6.97,6.775,6.785104098680877,6.398688942021058,7.45281670689292,6.84377865521113,6.499065127030627,7.40305896106678,6.8430389127217515,6.481629743263484,7.396670315003554,6.846390804449983,6.505007566996281,7.435733812539622,6.846277487495751,6.498994032215535,7.413745627831477,6.835386882956667,6.511581045503387,7.387993817263979,6.845526559494798,6.52947477314909,7.382559999023545,6.786892599142463,6.775
2022-05-15,7.07,6.97,7.0159677731247205,6.765508878483807,7.446352595417947,6.960050839601612,6.770311645997672,7.2427189548108215,6.971075397330121,6.777817659968298,7.26215512105216,6.9554007778827565,6.772200986671491,7.235581460725661,6.965844734997438,6.7844524104063595,7.249167444224382,6.976543155617201,6.788565401455498,7.260893430680531,6.966789807716673,6.782341982133492,7.256987780557953,7.038207553905294,6.97
2022-05-22,7.05,7.07,7.095972279674919,7.077087877696629,7.126775266944884,7.094254986294292,7.074455434697215,7.124841385364227,7.07999096569598,7.058797315099251,7.111634052113197,7.09557981062201,7.076111142307469,7.125916927654751,7.081200653402037,7.060493075576064,7.112527169351931,7.0834066229158035,7.062390213086645,7.114692379470973,7.0799172639304055,7.060664487091722,7.109455577017126,7.097332465905576,7.07
2022-05-29,7.01,7.05,7.048154089444829,6.909126112379755,7.271062944758828,7.022353141736541,6.906004777911804,7.205365663082975,7.022468468877403,6.901730327800503,7.196308213670931,7.021800845403695,6.906997880053779,7.202940774863095,7.022383601074204,6.9027685568844,7.195690480880707,7.028749593928124,6.906730262738602,7.204374628191025,7.036717328396022,6.92168179699129,7.215303141566146,7.044533506818885,7.05
2022-06-05,7.01,7.01,7.003488439126045,6.9393418617372165,7.1115529891026625,7.016168266228066,6.959673297473699,7.1042898513621555,7.007362193866396,6.9486645168559065,7.091851041950495,7.018470292006445,6.9624930908951415,7.104960497689936,7.009665559648825,6.950592258026548,7.093650618756723,7.010973396923209,6.954558215495904,7.097359234982804,7.015801530208279,6.959763182127762,7.098825549722987,6.999067013637769,7.01
2022-06-12,7.03,7.01,7.012676395385252,6.908296082793964,7.192359638285467,7.035358866642224,6.943667538919978,7.181050502949497,7.039513803324056,6.940667677532395,7.178720459791601,7.038013832917053,6.946030230710619,7.18043221116684,7.042427735572909,6.948506075830057,7.182111657432471,7.039298087698119,6.942017323014121,7.182199600553117,7.041621469929505,6.949257662014306,7.176009833284769,7.01,7.01
2022-06-19,7.68,7.03,7.037305905075617,6.955868184252811,7.168646869088604,7.053796362425092,6.981321636614523,7.163830510083767,7.061334498782124,6.9857572005646125,7.164356028466467,7.055503443471696,6.985173805358312,7.164624573887588,7.063238395752911,6.992161731772908,7.170031448957319,7.062216282072839,6.989642561186001,7.170783155957771,7.061075097401414,6.990282794546042,7.164411779316162,7.035466493181116,7.03
2022-06-26,7.67,7.68,7.831803294424773,7.736375318385873,7.972071600939545,7.828838586944195,7.750060832412641,7.939049011469492,7.8259023534360725,7.744792251890594,7.931623157041437,7.830326179588139,7.752174581013054,7.9407372986293145,7.827075123752367,7.746852050150302,7.932521641977397,7.820530908281745,7.7445933459382195,7.926474721750351,7.813824509733204,7.739576900240748,7.922734346973572,7.85766102838624,7.68
2022-07-03,7.63,7.67,7.670950667304654,7.570021772673895,7.82131134433085,7.679663370781243,7.59460696856849,7.795765248414143,7.682762465486021,7.5975743509267,7.79813864486483,7.681607220308973,7.59840975737192,7.800105009405841,7.684940286339446,7.60148156375008,7.80175993636459,7.682276687841557,7.5990380032246145,7.7934671840176915,7.69653975884248,7.618742191769876,7.8143639128276705,7.667266753409443,7.67
2022-07-10,7.58,7.63,7.624998759240328,7.437745162291491,7.91032498186274,7.5983412125300065,7.441901321621485,7.816214345110684,7.602048419251028,7.444305887615331,7.816822601345193,7.596853021266323,7.443714433300409,7.815426577356644,7.601441569388966,7.449136855799419,7.822070390059055,7.616923511318592,7.465617771732789,7.827708166844986,7.627293338528987,7.48202469161952,7.8537759718687665,7.619067013637769,7.63
2022-07-17,7.55,7.58,7.572865794633617,7.42070398660104,7.809315363837754,7.550809091339189,7.427379372380303,7.723163155054785,7.541711307156058,7.417085448414105,7.71307742083669,7.5497298630838445,7.43103052701444,7.726137015487742,7.541019138424479,7.421310829994633,7.719221523903838,7.543134566156997,7.424747464424521,7.717269924874489,7.539017961471596,7.421502856708622,7.719426461318429,7.566333767047213,7.58
2022-07-24,7.51,7.55,7.546697023683778,7.468099880975296,7.670944698893996,7.555894993281938,7.492279256282579,7.651091060155498,7.548704052111285,7.48247958253483,7.64103306917631,7.5574947478698755,7.495343926561506,7.652826796655523,7.550409004868553,7.4888139521199415,7.645738135081572,7.549158030856735,7.484664706835289,7.642530055303847,7.5521728571030415,7.488950252101996,7.64968871740174,7.541800260228327,7.55
2022-07-31,7.47,7.51,7.50453948338579,7.3854861517955674,7.698607125091025,7.487064189618672,7.387963719530774,7.6370234777958474,7.490952190280023,7.389380722230878,7.635625717220096,7.485381917704038,7.389545455100725,7.632484563667191,7.490373571398587,7.395115460697758,7.637578493287619,7.490109134717861,7.391012787561596,7.633912512082833,7.487678112120778,7.390168310813073,7.63755341064483,7.499067013637769,7.51
2022-08-07,7.31,7.47,7.464366078084345,7.421922380122794,7.533125557312518,7.465233330244934,7.429905402765462,7.5204218198315935,7.459196690147009,7.424198650177882,7.5118064593948635,7.465052401100535,7.43119098759999,7.5185631451714015,7.459297985859558,7.425504635523781,7.511073903977373,7.459368779453853,7.423458273119072,7.510291648298078,7.459953251731455,7.424913434534729,7.514181085665845,7.459067013637769,7.47
2022-08-14,7.13,7.31,7.279305331721811,7.083763900819879,7.580226501600415,7.247560024911918,7.094086951664666,7.469625722755735,7.250392284465831,7.090592282442641,7.46632222712946,7.243006159433408,7.094755868729985,7.467643801639411,7.247303516912806,7.092576189352597,7.473681598321815,7.244419147401122,7.089962345584191,7.46259182843885,7.24439143167672,7.08832984777895,7.469730252945598,7.2662680545510785,7.31
2022-08-21,7.01,7.13,7.0934737634672995,6.955659883354546,7.3090044964835235,7.122520936948843,7.016932641445198,7.27384697192476,7.111775519390534,7.002762644310733,7.259526669075593,7.122228308474698,7.017628955400285,7.271393340872789,7.112159122561833,7.006651880971616,7.263322071092748,7.108084336432635,7.00216148033962,7.2505573116068796,7.1137111042746985,7.006271932803679,7.2639852470421635,7.088051552117024,7.13
2022-08-28,6.99,7.01,6.9851001230014464,6.851237039353289,7.201954374942668,7.010052397742723,6.901207513074323,7.1722471612422325,7.020865159101439,6.908735596232234,7.173480037241251,7.010869622576005,6.90024218386836,7.165901030974074,7.021816789932675,6.914405885194145,7.175594193795289,7.005276521754369,6.895986699350046,7.15180294041732,7.015978368791574,6.908978389485613,7.171377513165042,6.982034368078016,7.01
2022-09-04,6.96,6.99,6.9877393613977965,6.871710098917004,7.170418266935507,7.006517101451303,6.910131791449007,7.15066978400942,7.014521038185426,6.91668911634297,7.1506435058999775,7.008428954116134,6.911453327656122,7.145303229136126,7.016490019431733,6.921608190878279,7.152197880051549,7.013182626068606,6.917226571163894,7.143434280565404,7.013152585210127,6.9211221762709565,7.150400794074771,6.985339061346337,6.99
2022-09-11,6.94,6.96,6.955381545972305,6.806786626195363,7.1931306894475915,6.928501118721434,6.804534779561366,7.118305099424721,6.935788391743441,6.810338200279598,7.116044399519752,6.924295812598455,6.799427967109339,7.108161383521455,6.932473729312688,6.808383908972832,7.110956931939203,6.932464292000654,6.806798891439552,7.10326159644923,6.929717914780554,6.810642873580224,7.112099780057545,6.953008592019504,6.96
2022-09-18,6.82,6.94,6.937587576703953,6.908149003362528,6.988592329981938,6.936928981407544,6.9082686159935545,6.981392260292193,6.927040465704586,6.897689256898099,6.96895108044618,6.935793338324258,6.907626185506547,6.979390774587466,6.925899729379478,6.897703860873432,6.968162051910735,6.924583369645307,6.895842245815664,6.964294767965686,6.926749604519338,6.899303329460099,6.968853580919432,6.935339061346337,6.94
2022-09-25,6.73,6.82,6.794628212804483,6.671504826211751,7.004700159590994,6.769977145627964,6.6612897341508965,6.929931289587704,6.771269487903112,6.6611386853771135,6.92437181359374,6.764601018067795,6.658174381497304,6.924753079062789,6.767184091823751,6.659093261341438,6.922606119148462,6.778219250731053,6.672079963904682,6.927009772553082,6.767002278989073,6.662092030074089,6.924653862933434,6.792034368078016,6.82
2022-10-02,6.66,6.73,6.710781546460391,6.675695143854192,6.773238829500025,6.71530448622018,6.680602201125834,6.765426087197771,6.705475709574659,6.670015872866353,6.753045503919083,6.713659898922328,6.680020732858733,6.764362676656814,6.703820255225539,6.669710268372399,6.752092046589948,6.694184179957839,6.660989032463589,6.73978517245697,6.704841421157784,6.671559593211748,6.753335800009238,6.709025776058512,6.73
2022-10-09,6.65,6.66,6.645035085503327,6.546680777325506,6.814995089569125,6.668136969505351,6.579644311427734,6.796204382079394,6.670590985949904,6.580840729879144,6.788719148567278,6.6695516569978155,6.579614687374469,6.8001850706835185,6.671493394919277,6.584392457468441,6.793308131691566,6.677201447494621,6.591779551462509,6.791751021571203,6.663307999323715,6.577667282287798,6.7865871599112255,6.643686714712176,6.66
2022-10-16,6.72,6.65,6.649481162698267,6.493315474776692,6.927411001249721,6.690218254926366,6.5503405074076975,6.894330224021201,6.69981691155427,6.556193307645852,6.888847668780641,6.6962365751114135,6.553532418809121,6.907205615494245,6.703783012632696,6.565467539821995,6.900955385514901,6.700224423074211,6.564173176301685,6.886656327974142,6.703857635889007,6.564675198993464,6.901705608993492,6.647669530673168,6.65
2022-10-23,6.68,6.72,6.738696794933424,6.709448335673206,6.789286559588912,6.738288254433988,6.708091722889689,6.780391405269405,6.755838571582092,6.7260925739762385,6.795441467355444,6.741219682357835,6.711707266608963,6.783425030473073,6.758381036436009,6.72950444097962,6.798229714645346,6.748118430847413,6.720328656078584,6.7854612516442865,6.756414153314202,6.727382328055541,6.79636850472992,6.736313285287824,6.72
2022-10-30,6.71,6.68,6.672480283983318,6.592061314402323,6.804898536526784,6.656520552710674,6.585517389495177,6.7551735855191275,6.657752425695224,6.58523604162432,6.752362322516991,6.656698212811527,6.585685245908063,6.756665913214923,6.657897721996086,6.589581311427412,6.754078325082519,6.660798730187836,6.5940127132041795,6.753205269946235,6.660922123674878,6.591258153735809,6.758185676084795,6.670678122692672,6.68
2022-11-06,6.71,6.71,6.71899808452578,6.505524142849104,7.065933537315597,6.778426673310796,6.5946710484278155,7.0293252144141665,6.770429168036729,6.585260231559556,7.009341234796908,6.787794411324575,6.6071390972801325,7.041642387556574,6.778325083676047,6.6008958751696385,7.02348278394392,6.765994517225215,6.592157780247163,7.005063299878118,6.780996323413255,6.60365949186831,7.029265958639774,6.716991407980496,6.71
2022-11-13,6.69,6.71,6.711974453479085,6.512643136884409,7.010867009627708,6.656630893495345,6.478701289147425,6.909315862337195,6.681220885937746,6.509532144987193,6.921505975320836,6.654464427585111,6.480240916922896,6.904692585783347,6.68065381326762,6.508179392381992,6.921299477304173,6.701726925509324,6.538373708251871,6.933349422028952,6.6744501970156405,6.498331281219081,6.923100534297086,6.71,6.71
2022-11-20,6.68,6.69,6.687258287696901,6.625512395822831,6.7793365374981525,6.677147195881594,6.619525825185804,6.761297491374247,6.650340553576086,6.594685339807402,6.7275282548842155,6.6769455736783305,6.619052051394318,6.759484283577013,6.649847241398021,6.594215508479763,6.729570342952547,6.664170574955071,6.609761463727166,6.7392598016462735,6.652039230361362,6.594326036535975,6.73242317805143,6.685135854670726,6.69
2022-11-27,6.67,6.68,6.679566538427612,6.648064075842095,6.727102732388689,6.679337638178519,6.648650890814549,6.723927999755444,6.674682003100638,6.644228431448249,6.716924169863577,6.679782188851631,6.649681999688084,6.723006261175651,6.675002887371764,6.644860991878073,6.718167692021147,6.662862986572922,6.63370040260969,6.702693120936747,6.673044909713136,6.6417168820702495,6.716091631328902,6.677567927335363,6.68
2022-12-04,6.63,6.67,6.66953958577513,6.582893866896031,6.801223513566853,6.650366554697233,6.569615584072986,6.767239959706757,6.649281058973703,6.572595310539293,6.756980389829874,6.648503545656869,6.56826175372657,6.764322620719718,6.647797836457232,6.570534264202957,6.758750360530677,6.645739545920842,6.569114089397808,6.750506929789995,6.646850642704834,6.564682947746287,6.759363791116882,6.667567927335363,6.67
2022-12-11,6.48,6.63,6.622421560985604,6.559116720627685,6.720101280667408,6.6108657086288245,6.550489909067553,6.697477241523908,6.601985974783518,6.544435645814817,6.682773792968088,6.608755434421085,6.5489204429341275,6.695149841964795,6.60005110247038,6.542533274771982,6.683159803134525,6.609212669831423,6.552573158833544,6.686686267214755,6.601187840241993,6.539351635473563,6.684978325773548,6.620271709341451,6.63
2022-12-18,6.42,6.48,6.446186226145068,6.336481654584918,6.612686044957808,6.41997465459371,6.317598584557769,6.566214462175604,6.415239057438188,6.318594548669023,6.547702051796034,6.415296774785495,6.314214327985228,6.561837013842733,6.411550043643994,6.3132104485622005,6.550798224068863,6.405308910202802,6.308938382306388,6.534890624389457,6.411695030690179,6.309809267084368,6.550318462965668,6.443518910030445,6.48
2022-12-25,6.38,6.42,6.407005015101129,6.318492022184462,6.54351895363361,6.437310012539159,6.353850017946234,6.557641157186539,6.426432811409075,6.346713033048769,6.53587872881268,6.437967790215699,6.354389668775387,6.5611489278547355,6.426452409095579,6.34485781974347,6.54117958630161,6.426151768838617,6.3454509290704415,6.534484206447644,6.419390710751114,6.33391604247093,6.533962629137525,6.405407564012178,6.42
2023-01-01,6.51,6.38,6.371685440990412,6.345954046430394,6.411309964210746,6.377158314803788,6.351741501448255,6.414537116357165,6.392759350705114,6.367560467746508,6.426612036349516,6.377479292830315,6.351860129801216,6.415463441165078,6.393276472346853,6.367355516760414,6.429757959774952,6.389366055641024,6.364538496088526,6.423827970773248,6.385705464292732,6.359074805090518,6.421564203681405,6.370271709341452,6.38
2023-01-08,6.47,6.51,6.543453354281984,6.501196788603319,6.608520291018707,6.551059821001108,6.509912204441889,6.611793720524855,6.551719710037696,6.511756954787179,6.606667350466311,6.552535802878116,6.511750619729233,6.61426905395943,6.552803892545553,6.511960776175124,6.6102328214837085,6.550934614112795,6.511720699104803,6.605727592297785,6.549950481695863,6.507889228149074,6.606974152011113,6.541616944640281,6.51
2023-01-15,6.43,6.47,6.462076720231958,6.3832379842027995,6.5813374876867545,6.440610284430545,6.367068698706168,6.549003326855461,6.445983586391613,6.374718774053003,6.5437298289279795,6.4382216811913064,6.36487774973685,6.548911700373388,6.444362943650672,6.371031769292851,6.548884925888906,6.442684644916991,6.369704832831108,6.54277813148408,6.444493179372171,6.369140898550784,6.545909353859191,6.460271709341452,6.47
2023-01-22,6.38,6.43,6.421910960875474,6.376579021933512,6.490767009483869,6.434095714754623,6.391116746723417,6.497360315016271,6.422514074472932,6.380304960980821,6.480291971045261,6.434347002661339,6.391366296159474,6.499180427617666,6.422319738184534,6.378786559746015,6.483482895362406,6.428796701531119,6.385674218221659,6.487925475738728,6.423205158840415,6.378852387020438,6.483004030983006,6.420271709341452,6.43
2023-01-29,6.39,6.38,6.36931062628185,6.305728689138738,6.466983199523264,6.388257143759356,6.327530155487423,6.4776287579514324,6.39744404283023,6.338053593413227,6.478265336087062,6.390439867582597,6.329536550012488,6.481741211389388,6.399591255884293,6.339742222239334,6.484519510773224,6.400624654093372,6.340206115674739,6.483011530115593,6.403611242665628,6.343253354357928,6.486890047483214,6.367839636676814,6.38
2023-02-05,6.32,6.39,6.393918714214105,6.327196745177836,6.495614657923676,6.375419124361962,6.3121964968508175,6.468246850896897,6.385055110225208,6.323348193029147,6.469390955214932,6.374750264845496,6.31141345471555,6.469077829859912,6.384770566832825,6.32266349118622,6.472403863303005,6.384636115986196,6.321825714215979,6.469890010644979,6.382803385905076,6.32013345781923,6.469833877933827,6.392432072664636,6.39
2023-02-12,6.1,6.32,6.304586760894674,6.194502388003506,6.472439746547051,6.270228419846189,6.16722347816076,6.4208180814927935,6.258873853141789,6.158340478042078,6.395120576909353,6.266363872759488,6.164598416349968,6.420099851335846,6.255382943085155,6.153746748592999,6.397280139574655,6.260606140730676,6.158146477589667,6.397762491130016,6.25171371782726,6.150259254908577,6.392818219241025,6.302975491347541,6.32
2023-02-19,6.05,6.1,6.047502757642662,5.993138547968492,6.128863004442069,6.0672464754219995,6.017575712167542,6.139809399623816,6.051504338762229,6.003045823225457,6.116594306597123,6.066977672490869,6.018331563762823,6.140661804614151,6.050860030862072,6.002208953348353,6.120823651277756,6.064447941965831,6.0148088534325765,6.1302395824130524,6.058917391606831,6.009664639260016,6.126445927950468,6.045316248927671,6.1
2023-02-26,6.02,6.05,6.039172100467515,5.9830556048241705,6.123047128176296,6.025207293614264,5.974452837857551,6.1001703560085625,6.033801902960645,5.983936382145422,6.100764293898169,6.023487273861281,5.9733025900420085,6.099683389823891,6.032682829265801,5.982527894769132,6.104627158889133,6.030296356357872,5.979510483687101,6.097928100563798,6.019143995543238,5.968834164386394,6.088753236259839,6.0375718747562885,6.05
2023-03-05,6.0,6.02,6.013958567077488,5.982228567928395,6.06158455637959,6.020799478993253,5.990968749530845,6.064844075462411,6.013628959166537,5.983944296702985,6.053660784783836,6.020666939095151,5.991093508880977,6.065547732433582,6.01326136166232,5.983265856422049,6.056157063858143,6.012040461400801,5.981763630816051,6.052398826774285,6.008678934340235,5.978534465633185,6.050432767425935,6.012543124853773,6.02
2023-03-12,5.97,6.0,5.996367134344178,5.952944779097741,6.06169203433578,6.007397703860431,5.967243524786167,6.066784420420071,6.012481059473095,5.972934783645841,6.065844870066061,6.008494329072827,5.968819379128048,6.069024875572568,6.013259688568422,5.973310569565711,6.070385030503569,6.015461657275463,5.97523093186552,6.069284011149951,6.012217796050789,5.9720275256553705,6.068039096813418,5.995028749902516,6.0
2023-03-19,5.94,5.97,5.963816827402645,5.916379984161551,6.0357639571080295,5.9525389746713255,5.9084930672465354,6.018354220676909,5.958426222630734,5.914541752312357,6.017119453353965,5.9517318541534365,5.908489835960075,6.018607941376225,5.95801979836975,5.9141863866293995,6.020688934654096,5.955921174409065,5.910773400893038,6.01549428941095,5.956969403656309,5.912805110906686,6.018735635690686,5.962543124853773,5.97
2023-03-26,5.86,5.94,5.933726712728246,5.908312089153957,5.972590373440869,5.930381560225442,5.905615878389404,5.967501607395755,5.924099672855722,5.898980584728422,5.957780374406245,5.929834152195746,5.905333882367808,5.967412725990556,5.923558832598956,5.89838262790719,5.959730428826575,5.908657588690829,5.882786999730212,5.943016971349158,5.922379442321866,5.896946226253247,5.95799682447247,5.932543124853774,5.94
2023-04-02,5.84,5.86,5.8410917009165475,5.819705731504623,5.873007269519863,5.845074030597283,5.824206737499867,5.876367322720641,5.845171996477157,5.8237485831922875,5.873591638343933,5.845304284936548,5.824009528142848,5.876809845330493,5.845293203954625,5.823801612427351,5.875928671259989,5.850755587002338,5.8289438725701626,5.879478910875978,5.8446828166763725,5.823258274568867,5.874860968765081,5.840114999610063,5.86
2023-04-09,5.83,5.84,5.836095116663487,5.793013160187689,5.9004729328854,5.825987437922139,5.7861026132102324,5.886070605498528,5.827138889013074,5.787298874394181,5.880045543148254,5.825040407642468,5.784463034760466,5.884913281113337,5.826536812125349,5.786716458817894,5.883278687724855,5.835286752106562,5.794789255262765,5.888818622660734,5.822908536972265,5.783096056505181,5.879011798763011,5.8350287499025155,5.84
2023-04-16,5.79,5.83,5.828580978804451,5.808936009608888,5.85805231149392,5.8271223469795,5.807689863397525,5.8563749113729715,5.821155620725025,5.801129728527966,5.847759300626638,5.8265841187208895,5.806785299979683,5.855754115293604,5.820588000407151,5.800477082825979,5.849196165684572,5.8344923769324595,5.814086913759543,5.861469974874219,5.8159219930619095,5.795862650995009,5.844203801069798,5.8275143749512575,5.83
2023-04-23,5.77,5.79,5.780965081422737,5.747080710841733,5.830535872100319,5.774682097164991,5.743292500685529,5.82187397978552,5.774196590334824,5.742536615257368,5.8159288575229215,5.773420803395796,5.7412572495912935,5.820052075909143,5.773245127215502,5.741298926872884,5.817981516191427,5.7738476167395945,5.741130506218459,5.8164180704817205,5.7739865961569565,5.742351309144629,5.818227941253995,5.780057499805031,5.79
2023-04-30,5.7,5.77,5.765946317510761,5.729107917275228,5.8199973989258025,5.7581975993541565,5.724206887565872,5.8094604984500275,5.7538943299508345,5.719670579396206,5.799047370076843,5.756400020507026,5.721509897297886,5.806834100583133,5.752444623170239,5.717972910945649,5.80073326496199,5.752506468573483,5.7172530861357425,5.79852180451244,5.747487151597026,5.713275960005163,5.7953529871816345,5.765028749902515,5.77
2023-05-07,5.57,5.7,5.683198522813007,5.635965470583862,5.75087892531308,5.672591058222181,5.629931982305181,5.736293398650482,5.668560507290263,5.626104431019369,5.723989130760721,5.6697130542140615,5.626155159318303,5.731959442805033,5.666296619923835,5.623218897520108,5.725512576268281,5.666678193662277,5.622547886392331,5.723091143503747,5.664836377265328,5.62252047055459,5.723622993740682,5.6826006246588046,5.7
2023-05-14,5.46,5.57,5.537419161069646,5.502932462779634,5.586375646763631,5.532698401758939,5.501081162039981,5.580289828924821,5.528528155792127,5.495892435296616,5.56995985277657,5.529850386797237,5.496777450535351,5.5761269779299285,5.526333693570816,5.493450168798394,5.570074985530423,5.520100993969509,5.4867679622267955,5.561769695160594,5.522120375349615,5.490336995932205,5.566172288321263,5.537686874366352,5.57
2023-05-21,5.24,5.46,5.4316574485538105,5.408534350085631,5.463838487167696,5.431044710899742,5.4091317149275175,5.463960000133615,5.4295734478514515,5.406505513825802,5.45817816123123,5.428757510886045,5.4055723202598305,5.46092910634276,5.42777738461522,5.404644707238837,5.457085402107068,5.425801792019496,5.402040595399262,5.4551836309886585,5.421031024717524,5.398636733994549,5.451588904302207,5.43148939488698,5.46
2023-05-28,5.16,5.24,5.181064290623474,5.142619073085554,5.232890350311801,5.193104671835387,5.158723810831436,5.244504116766947,5.198565807055455,5.162738374933787,5.241376085846518,5.1926678379746685,5.156817284969726,5.242028186672693,5.198392518389551,5.163756703182116,5.2417587874164875,5.198571909341466,5.162114102223666,5.242874270247315,5.204812453128123,5.17126552057535,5.250023365131489,5.18297878977396,5.24
2023-06-04,5.13,5.16,5.138350887176947,5.115643630179927,5.16858608543296,5.141328090942302,5.120052325377559,5.173004805765269,5.1484543262766485,5.125675273702893,5.175143705671512,5.142393790218882,5.1203562097289055,5.173577818707837,5.149421364841825,5.12682138986057,5.1772560999703545,5.15029981813558,5.127303115748364,5.178596685422105,5.1276387495013545,5.105563086880544,5.156170363458113,5.139265014463258,5.16
2023-06-11,5.1,5.13,5.122211419220236,5.095252867331325,5.158199959571981,5.119507988702521,5.094660133096192,5.156437213818204,5.121050196155115,5.094864363252587,5.151936759074813,5.120445359859746,5.0947790708672995,5.15707431966496,5.12193352512174,5.095986697892782,5.154247597197589,5.121153992452209,5.094556494074005,5.154144970480905,5.118158266923151,5.092735313231787,5.151167581906099,5.122224380423722,5.13
2023-06-18,5.05,5.1,5.0921303511083424,5.068564612256624,5.12372164584523,5.090485538434269,5.068489063373169,5.123131229009122,5.089184864043792,5.065845848263271,5.116763452612278,5.091452295684007,5.068682428741994,5.124184976466447,5.0900192572208445,5.0668547396485835,5.1189629845615725,5.087508412351387,5.063701532782523,5.117169531888842,5.087078547400252,5.064475437985741,5.116665736535853,5.092224380423722,5.1
2023-06-25,5.04,5.05,5.036357887476786,4.985007711808124,5.104603809516303,5.049919214206593,5.004833450123417,5.116309925864309,5.051610946477847,5.005254516483013,5.106066042977071,5.053169758290404,5.006132512781829,5.120038049388202,5.053941108373742,5.008319952216048,5.110732682022588,5.05094083031482,5.004451131074985,5.109306243037335,5.057070345795026,5.0115324723290815,5.115619153919875,5.037040634039536,5.05
2023-07-02,5.02,5.04,5.037654789588211,4.984221936250519,5.108643581807607,5.024548579010904,4.977981618192244,5.093187440739803,5.030975752435941,4.982986378364812,5.08745078642408,5.025124802528366,4.976644422182592,5.094652298175479,5.031983805285661,4.9846653664349025,5.090793095000029,5.029781911770185,4.981707046328132,5.090324767868778,5.029440139128074,4.982412975087055,5.0901142260628145,5.037408126807907,5.04
2023-07-09,5.01,5.02,5.014789186881321,4.986025436313451,5.053134895031942,5.020062535092214,4.994041463139145,5.058223351485218,5.013270588243006,4.985903473765405,5.045521688803371,5.022326583326339,4.995068066077675,5.061512815228535,5.014857167295262,4.987720992373679,5.048694806670784,5.016520175697343,4.988793041448391,5.051415522882712,5.01763079069108,4.990693829628617,5.052429134478275,5.014816253615814,5.02
2023-07-16,4.99,5.01,5.007597805407111,4.962506958350247,5.067896280370588,5.018851923042024,4.979342939245171,5.076733788369679,5.023666497894622,4.982789603642696,5.071992786881892,5.022569604512701,4.981464007085568,5.081914896092592,5.0264716961397715,4.986076310372576,5.076911084856103,5.028648627540097,4.98742241181885,5.080525313876303,5.029390653156733,4.9892188707956455,5.081481561568029,5.007408126807907,5.01
2023-07-23,4.98,4.99,4.984728248610592,4.967540955538697,5.007785089227381,4.9846235010403115,4.968320017695996,5.008669121516515,4.991861651091814,4.974133764337335,5.0129672802521625,4.987408702454421,4.97005819560391,5.01245035685633,4.994205625553047,4.976325548636682,5.016600824897529,4.991497285722104,4.973312789890138,5.01433620450084,4.997633155964351,4.980384261834233,5.0202912178318675,4.984816253615815,4.99
2023-07-30,5.0,4.98,4.977541412988153,4.935700117512728,5.033777028399548,4.987391612218934,4.950783646897329,5.041254604329726,4.988754577424201,4.950769865113455,5.034156963852042,4.991641630248229,4.953159110490488,5.04718904022578,4.991893334747205,4.953579320593722,5.039809332071983,4.99252739277087,4.953859569912821,5.04114466658036,4.993798023731727,4.956617870508788,5.042147261015791,4.977408126807908,4.98
2023-08-06,5.08,5.0,5.006070779672324,4.956750782814602,5.072089628803,5.018285840343047,4.975484782102898,5.080569305837219,5.025340634324065,4.981254337609684,5.077977080942326,5.023806567062858,4.978738848367424,5.088195118335163,5.029491459378555,4.985283570348868,5.084902017827755,5.027803031721079,4.982990692795729,5.084004288405757,5.031023276603861,4.987920040003271,5.087045418451691,5.005183746384185,5.0
2023-08-13,5.5,5.08,5.103180602064665,5.053365342460088,5.170030699223363,5.114639346315872,5.071015695950389,5.1773225843407555,5.122050821125641,5.077039581290298,5.175509852986125,5.12209421815255,5.0772270032803215,5.186234506719139,5.127975438481141,5.083933517040489,5.184230042455469,5.129830981418302,5.084618012635693,5.18695086535522,5.126795029669209,5.082562575173094,5.183878077201434,5.100734985536742,5.08
2023-08-20,6.05,5.5,5.62188847859993,5.582392409302479,5.680484974328537,5.621280436991016,5.585528244014708,5.675001882972353,5.618765966825048,5.581075661197753,5.6643047348070015,5.6295924674792,5.592167093238042,5.6818067494937265,5.625714532170995,5.589306505248263,5.675022101515807,5.624302565754384,5.586622514403556,5.670994470965015,5.618866242061016,5.582189304024707,5.665875306369913,5.620183536321495,5.5
2023-08-27,6.13,6.05,6.225364422373589,6.1703879755605895,6.308309528864146,6.222710857875911,6.16950482149873,6.29781021113525,6.211532991277203,6.157736548476193,6.277707415561066,6.230015819452188,6.178889138308172,6.301705081540298,6.217845410055988,6.165810497998225,6.28548540563752,6.213666985365543,6.16074565914139,6.279431808146753,6.21190037447891,6.160094694469166,6.279482616458892,6.207383202325767,6.05
2023-09-03,6.18,6.13,6.1530610713373095,6.097056346008411,6.2316319719290325,6.158432889402281,6.106363156074383,6.234047849463111,6.16160586254095,6.108141623741453,6.225490088203053,6.161409621332649,6.109098434289115,6.233335867902618,6.163896336020702,6.110840176254659,6.229981595347859,6.1572550603098195,6.105260990844046,6.220815971903253,6.1979274178498365,6.147143731109739,6.262905039360945,6.152892102156475,6.13
2023-09-10,6.2,6.18,6.194863780451983,6.1238340032014635,6.296268474515694,6.181067305357348,6.1163510059361865,6.275135551656074,6.182180955978532,6.11673544126922,6.260685877112187,6.180923564465132,6.11505199904862,6.271505531085857,6.182500461841444,6.117080467347632,6.263583118970285,6.191575103577673,6.127340594325277,6.270258526469686,6.192425973935112,6.129626679036127,6.272193203925791,6.194307563847797,6.18
2023-09-17,6.22,6.2,6.20634379527797,6.1241382219572005,6.32382459955166,6.223790894601131,6.150073591438371,6.330870747829797,6.217452149029568,6.1432095307098855,6.306827120068929,6.227107456817387,6.150961651430829,6.330041555470061,6.219548887939102,6.145354156652459,6.3113360826153695,6.2233527264743955,6.150766496279192,6.312630863428675,6.219140040669356,6.147741663852615,6.309575811158492,6.205723025539119,6.2
2023-09-24,6.22,6.22,6.226383177565963,6.186127324412666,6.283915901678757,6.226601552313259,6.188851999868844,6.2814208123794675,6.237558713424414,6.19815603829881,6.285092837941217,6.228830146103185,6.189978441173259,6.280751130221374,6.239595585085027,6.200885787464765,6.287515522741927,6.24063604937791,6.2029139278766205,6.286889096949719,6.245326489219791,6.208669648010703,6.2918839214541595,6.225723025539119,6.22
2023-10-01,6.22,6.22,6.22065686090475,6.174025876443322,6.2875278546234705,6.217216707791526,6.174507059995658,6.27972115603877,6.217168077832789,6.17253797308789,6.271412239892546,6.218704469965637,6.174598086972839,6.278075343640965,6.218541195809186,6.174899696176512,6.273160567840514,6.218721601180473,6.175532491415477,6.271665028157067,6.223299636288333,6.181523281917843,6.276826186007688,6.22,6.22
2023-10-08,6.2,6.22,6.220655386233965,6.161477421816592,6.305756559809545,6.229586416909365,6.177048838300375,6.307269577643063,6.228791772619624,6.174061305432279,6.295468119945783,6.2327420828584765,6.1778091527589005,6.306765962638091,6.231215355773357,6.178016532910148,6.2981365788493315,6.2340998101320935,6.1807343475799374,6.299309996045507,6.231668309083746,6.180203340378472,6.297973205025592,6.22,6.22
2023-10-15,6.18,6.2,6.194900910419992,6.090496445750685,6.34582986185317,6.167930886092488,6.078776898828118,6.3018755891414395,6.1703421051105005,6.079146572917052,6.282941542009713,6.166080349470448,6.071365087339661,6.295525365596167,6.169664517748169,6.079902094211636,6.282449695730948,6.171352957733948,6.080855404587549,6.282795924745488,6.169766295145561,6.082204019392665,6.283850772983068,6.194276974460881,6.2
2023-10-22,6.25,6.18,6.174856950823516,6.093460043033761,6.291451062381833,6.193782739973957,6.123403834939007,6.298941858956343,6.179783986603847,6.105989460773484,6.269270328032642,6.196541861985719,6.122850645753238,6.298312008778803,6.181416054814938,6.10932764907392,6.270455875607996,6.183350884375501,6.111177033688056,6.271874284598205,6.177787081329365,6.107688091366513,6.2684008838126815,6.174276974460881,6.18
2023-10-29,6.26,6.25,6.270574588554136,6.22270627758413,6.337753458195195,6.264661981846145,6.221690146359734,6.32742231505522,6.273654697215417,6.2275508269723545,6.328503155903953,6.265852766630143,6.2210125967336785,6.3258586383160065,6.274933721921489,6.230508666005474,6.329958941331101,6.274020988324415,6.229432893399681,6.327237734285858,6.270402949346705,6.22820227869703,6.325472795896087,6.2700305893869155,6.25
2023-11-05,6.24,6.26,6.26347784442002,6.194897679754133,6.359750472006113,6.249624239999821,6.189957009640002,6.337411922742894,6.244765977019596,6.181196497127005,6.3202643466500295,6.24828359068745,6.18561539311054,6.3332589375786235,6.2437582454259735,6.182135709884693,6.319978745124952,6.24115130976659,6.179037242050648,6.314977870014049,6.244050396733374,6.1854752419218,6.320850666393771,6.262861512769559,6.26
2023-11-12,6.21,6.24,6.234938651055968,6.168186395348051,6.329093601882072,6.221615781299042,6.163391855758533,6.307498408510323,6.212450227474445,6.150550072163521,6.28618058852199,6.218739234600492,6.157406967958707,6.302167398937127,6.209973032303973,6.149848298132614,6.284679596938393,6.214400022576266,6.1534284111568915,6.287595051003746,6.2227160508521315,6.165586845587839,6.297895750550242,6.234276974460881,6.24
2023-11-19,6.18,6.21,6.2020312251043554,6.134886075449248,6.296981137676609,6.188137852232421,6.129469022428681,6.274807597321904,6.179325588664407,6.117315073382663,6.253383741682151,6.183780892364665,6.122156876507615,6.267950022528696,6.175583080065457,6.115055080008596,6.250915434129752,6.1706441696863275,6.109130733851882,6.245537714326688,6.18473270340596,6.1271808681822915,6.260891632874394,6.1999318526067295,6.21
2023-11-26,6.16,6.18,6.171944083399909,6.139492960928292,6.217744558045368,6.173449727576228,6.143697518492538,6.217476267615868,6.166133115673622,6.133755877571427,6.204891997833984,6.1702830515149545,6.139426512381101,6.212658972847474,6.163202379013063,6.131614419494269,6.202777680865977,6.158411472559272,6.126321928197405,6.1976370942414665,6.1617859065108425,6.132093224751158,6.201163722599479,6.169931852606728,6.18
2023-12-03,6.13,6.16,6.15475352547308,6.110516027141625,6.216806166657195,6.161375674227499,6.12179860165507,6.220100999411779,6.163315869999954,6.1212884111733965,6.213774203539695,6.159429261354448,6.118267106540996,6.216363629358818,6.16145629955814,6.120209635996155,6.213764308939557,6.156855262792145,6.114515627231065,6.2083980776911005,6.152772030516581,6.113554420174121,6.204994634079074,6.15328790173782,6.16
2023-12-10,6.06,6.13,6.1218276680835055,6.058197989540397,6.210832102079913,6.108051524906592,6.052318795932415,6.191440384850979,6.110920808531038,6.052419635909646,6.181188672863365,6.1035785051847435,6.045234431834541,6.185207497529188,6.10724995947968,6.049372159953452,6.181584681864312,6.111041207860602,6.051723266309645,6.183652800132802,6.106436434065704,6.051215670904211,6.180059271994696,6.119931852606729,6.13
2023-12-17,5.98,6.06,6.040143934431292,5.992489894999227,6.106815532510424,6.033657055384377,5.99102140212072,6.0972422349433675,6.026712322675674,5.981652255867425,6.0812133857596855,6.028894296059034,5.984420148691836,6.09126220702476,6.02260151215279,5.977961312768544,6.08022136030219,6.021123791287892,5.975747936712064,6.07757437292613,6.021526756225871,5.979541787633742,6.078344081386618,6.036507656082367,6.06
2023-12-24,5.94,5.98,5.956835588047872,5.915254299800448,6.0139079614865585,5.963549927728302,5.926105933670037,6.019874575565881,5.962120878587607,5.921925864432963,6.009839500371652,5.960445533141382,5.920666792333282,6.014578332229627,5.959290151856937,5.920391502461549,6.010162613401637,5.960587925202001,5.921265701270434,6.009983651021629,5.951963406874296,5.915194932928854,6.001530698749734,5.953151606951279,5.98
2023-12-31,5.97,5.94,5.928409790819783,5.897806936427092,5.969963747585226,5.929138189820694,5.901203974711183,5.971536942614498,5.933401391762135,5.903174355237675,5.970033619576654,5.926503296874443,5.896970817999562,5.966507438597104,5.931061165933374,5.9019112271128735,5.969943894494974,5.934691301311456,5.905048661580233,5.971969503990028,5.929005806040107,5.901471427097658,5.966108689442636,5.9265758034756395,5.94
2024-01-07,5.98,5.97,5.979082217672978,5.923024631316227,6.055545136482504,5.96724198877087,5.917632263448356,6.041456288232372,5.965102109008322,5.912769804605437,6.027062016462739,5.962931562185554,5.910159032665158,6.03564875742365,5.961529810320448,5.910362213378786,6.028634548425259,5.960191104902199,5.908673811766425,6.0242680985064565,5.958949343872696,5.910321280376751,6.024429251583735,5.980068147393269,5.97
2024-01-14,5.94,5.98,5.983233370055026,5.935644731514338,6.048483667154022,5.991139136667986,5.948646804057883,6.05472574832945,5.98517310853429,5.940051176762438,6.039079229432639,5.988394146662684,5.943422341481653,6.050390264469479,5.98260680311973,5.938526725461377,6.04063372123816,5.983281454229556,5.938701154299857,6.038305327519329,5.9778561568086745,5.935998172798682,6.034435484093176,5.983356049131091,5.98
2024-01-21,5.91,5.94,5.92855461074338,5.890134404122554,5.981681507923856,5.933293022027681,5.8963369826575995,5.986069300147658,5.939787193115428,5.902257058522092,5.984530007708553,5.9309151987553745,5.893344671913574,5.982050100025032,5.937688886890423,5.901062603368184,5.9856884028191715,5.937598294280283,5.900853349141811,5.983294713883113,5.942174273457068,5.907634683397093,5.988755982210937,5.9265758034756395,5.94
2024-01-28,5.92,5.91,5.9013951629576,5.865613038716219,5.951011649956312,5.904817409566375,5.870644699220079,5.9542960465859425,5.908445298045934,5.873219621933194,5.9510880739049385,5.903150656807859,5.868084024724887,5.950868909929437,5.906955978631539,5.872847130326791,5.952330971380454,5.909138888901822,5.874887367130485,5.9522635511897315,5.9072341262676344,5.874652957518778,5.95113311783215,5.899931852606729,5.91
2024-02-04,5.98,5.92,5.9231606184136565,5.857817954721847,6.0138543366578485,5.9388647337101625,5.879620333322983,6.025208357523626,5.94206222804781,5.881949030233323,6.015038847720438,5.93995499914714,5.877721465396833,6.024287344583575,5.942796642380927,5.883871973210437,6.021057089046593,5.9411918732172895,5.881783397590449,6.0155367334191565,5.941503344851301,5.8847840757602965,6.017989435063411,5.92335604913109,5.92
2024-02-11,5.97,5.98,5.997877893448289,5.934288747143157,6.085294087983633,5.981868371168286,5.924450070605327,6.064825710002935,5.9881101107204,5.929545008058054,6.058483393532232,5.9795671190309285,5.91908447719486,6.0605058564523375,5.986402893670222,5.929199636021891,6.061759474257701,5.984667497788253,5.92720973131902,6.055977252269482,5.983417225604066,5.928595160886818,6.056754971543475,6.000136294786542,5.98
2024-02-18,5.97,5.97,5.967363453624053,5.8785203485489195,6.091614007037305,5.996724511250033,5.917797087804498,6.1117695734836985,5.991327613895358,5.911321694418761,6.087344395562793,5.999459545531719,5.915043919280655,6.112533401113079,5.993083276828393,5.9140231212423515,6.0973213737626235,5.992238647663874,5.9127821766736535,6.091031223901019,5.995109124702454,5.918915712045877,6.096588621984203,5.96662695284669,5.97
2024-02-25,5.96,5.97,5.970267213528933,5.928731803402396,6.028338847650108,5.956982855326173,5.91970235237436,6.012610168222368,5.972443945201921,5.933551787698954,6.018831098310607,5.95665069332475,5.915283062585854,6.012805132098629,5.972407662189168,5.933288575079971,6.023883574335847,5.977440079798002,5.937829608426918,6.026670367309405,5.973377218873441,5.935611418659996,6.023900844136969,5.97,5.97
2024-03-03,5.95,5.96,5.957347700345605,5.92381881627465,6.00429588486934,5.947540333809345,5.917350502722456,5.993109787331544,5.938714238855412,5.906879583988741,5.9768272697144775,5.945995786222063,5.911950762768039,5.992279601337237,5.93755325871699,5.905221502972249,5.980099269873579,5.941271799259491,5.908370212478265,5.982078657655333,5.9373412406482196,5.906146100514972,5.979044809993352,5.95662695284669,5.96
2024-03-10,5.92,5.95,5.947326554500884,5.936534815384381,5.962396319698871,5.947719611783775,5.936689654812028,5.964360115342581,5.942190755623509,5.929890803856755,5.956909046446509,5.946606661833239,5.9336119251404975,5.964208820492762,5.941215612282884,5.928231568588498,5.95826568199611,5.942337846534559,5.928853798435368,5.958965532971347,5.940218712179365,5.92780425187259,5.956792777358256,5.946626952846691,5.95
2024-03-17,5.93,5.92,5.911459012982269,5.8895914902345705,5.941958514396114,5.907011758787672,5.884925209501731,5.937754805089702,5.907441028221565,5.885456035130617,5.933588634311189,5.905252676486774,5.881652685751567,5.936620245199777,5.906016312918179,5.883519118976102,5.935464791401755,5.907384384170271,5.884122549673288,5.93583956448392,5.904124162102719,5.88245141570414,5.932903563520265,5.909880858540071,5.92
2024-03-24,5.92,5.93,5.9331125039847485,5.9028084073911895,5.975085836509678,5.941995980305777,5.9125512433753435,5.983169600110939,5.939963934554181,5.910713663206357,5.9744232776104695,5.9420204429614945,5.910563390976407,5.983421373772856,5.93976441043092,5.910118069055439,5.978451610554015,5.939412593452865,5.908779629670538,5.976511288615062,5.941097635214047,5.912454018014442,5.978963118203411,5.933373047153309,5.93
2024-03-31,5.93,5.92,5.917298950821813,5.891278345751335,5.953301558722386,5.910714105306386,5.885435580346333,5.946553629340865,5.91553191692585,5.8899599834507095,5.945603283768966,5.909331542625317,5.881930866128371,5.945350511751599,5.914468076242966,5.88845401749144,5.948441554614716,5.915267967344465,5.888453621475345,5.947914545797611,5.91194417745429,5.886830813439345,5.945181233050994,5.91662695284669,5.92
2024-04-07,5.93,5.93,5.933107613166107,5.915349620322782,5.957590873465426,5.929943971869607,5.912172074862403,5.955257841497538,5.925120503373323,5.906687074085594,5.946728780034823,5.92829103758512,5.9085916675791665,5.953954524105792,5.923737268085787,5.904721755920428,5.948456126815861,5.92782400902039,5.908207110574371,5.951658888803838,5.921662241802293,5.903329834293707,5.945765527010289,5.933373047153309,5.93
2024-04-14,5.94,5.93,5.930212807851048,5.881352340418208,5.997313688362229,5.947504473440705,5.902644017545528,6.011942543772364,5.948009996933763,5.902778714096994,6.001094285901248,5.948700053358863,5.899961757378857,6.011915278247456,5.94867050712943,5.903002199404532,6.007903955493941,5.955033903729229,5.908491920618531,6.011611391992287,5.950641544991803,5.9063679188751665,6.008714316153122,5.93,5.93
2024-04-21,5.96,5.94,5.943120739148698,5.92388249257645,5.969356258646767,5.939302462532375,5.920612838195809,5.966237630252746,5.9490119050963655,5.92934966217217,5.9721041286772305,5.939408992780561,5.918394968635515,5.966572122034377,5.9491088143872615,5.928795503116267,5.975390863518096,5.9519892788817,5.931212337625221,5.977284295516501,5.949522317489578,5.929961844683816,5.975211266804661,5.94337304715331,5.94
2024-04-28,5.96,5.96,5.9660533794510355,5.935241608278701,6.007822499909231,5.956714078144405,5.928333155616179,5.99781003519402,5.952562808364841,5.923059910738971,5.987218567751591,5.955273030720223,5.923434682140482,5.99599172639893,5.951559562100677,5.921272976983247,5.9905580483636145,5.949443255592826,5.918756911524886,5.986840594349903,5.948897044791066,5.9196643418068104,5.987107463941366,5.966746094306619,5.96
2024-05-05,5.96,5.96,5.960252476001015,5.94019926665433,5.987417418797645,5.955965213774276,5.9369561432655145,5.983590944940857,5.949803787802184,5.929547346725649,5.973633713357001,5.953934615667915,5.932150369610045,5.981701412784304,5.9481895561017275,5.9271079610464446,5.975294292405766,5.950688156045521,5.929218657523797,5.976804177678801,5.9473517889644585,5.927006555014734,5.973822986352808,5.96,5.96
2024-05-12,5.95,5.96,5.960250977914605,5.92152540038502,6.0126248575734955,5.947718601285935,5.913148410784821,5.998246314534069,5.943320044814589,5.907004699051213,5.985978648785673,5.94370785102644,5.904586084856861,5.993331267844712,5.940184267944997,5.903047907988239,5.987878535323652,5.933206533474706,5.895465564500769,5.978972112548073,5.956000393989455,5.919973556691011,6.002746377818846,5.96,5.96
2024-05-19,5.93,5.95,5.947339566723359,5.930922260120584,5.969590150006753,5.950591764622124,5.934782683455757,5.973534638604019,5.943659292851827,5.926538610076278,5.963826106231586,5.947519316361905,5.929234784281755,5.970825369630293,5.9409438555074905,5.923021066937988,5.964037226153623,5.942743622614484,5.924294101940467,5.965052887987095,5.924479196934544,5.907139182360726,5.947038816031239,5.946628979941136,5.95
2024-05-26,5.93,5.93,5.924412590178711,5.906194198760204,5.948982455025212,5.928551946379749,5.909989302313238,5.953623618531643,5.93166518227286,5.913133958073811,5.953591603192211,5.926163487074464,5.906388563779796,5.951504715023018,5.929441413470437,5.910099744278547,5.954430548324864,5.925131961019246,5.905290252389406,5.949223216401451,5.929499045758816,5.910757176921045,5.953918617065103,5.92325795988227,5.93
2024-06-02,5.92,5.93,5.93020677158502,5.907733993940524,5.9605192768354485,5.924884413448669,5.902701753858977,5.955158391810653,5.926528933722369,5.904397594513037,5.952734631946188,5.921605799189489,5.89802264845066,5.951903726720978,5.923808357532696,5.900895528864684,5.953475772259005,5.920712638458816,5.897227972598381,5.9492236666173675,5.924505211655512,5.902269182712897,5.953535716983455,5.93,5.93
2024-06-09,5.92,5.92,5.917299883932989,5.905597305497786,5.933123827098645,5.916808646760846,5.904403393921369,5.933941318901972,5.913743281593701,5.900780586621652,5.929108936095739,5.9136226733954915,5.899929334775558,5.93129692515251,5.911007400103333,5.8972983543556525,5.928784603853802,5.915046615612871,5.900868212863261,5.9322554991863115,5.914215794356893,5.900990743428085,5.931527561569126,5.916628979941135,5.92
2024-06-16,5.94,5.92,5.920191503998584,5.909671898477924,5.934433250796322,5.920949829118823,5.909729096461405,5.936606536483766,5.920671081196823,5.908740873021754,5.934799429722091,5.918001024320436,5.905391605502534,5.934299021080395,5.918078820186383,5.90539904568839,5.934523333423505,5.916683613585551,5.903517557807605,5.932642868195962,5.914508117955844,5.902265495898075,5.930554073906149,5.92,5.92
2024-06-23,5.94,5.94,5.946018677793793,5.901720531626743,6.006216658305857,5.961611236798855,5.921052964022721,6.01946590889578,5.9638282297386604,5.923110345350434,6.0119899433911055,5.9613391866168,5.918064471174075,6.019102395294272,5.962959840738915,5.921663972041842,6.01699745193044,5.9653653536956295,5.923031875338191,6.017194884241587,5.960833649859173,5.920460817986509,6.014227784983585,5.94674204011773,5.94
2024-06-30,5.96,5.94,5.940219683286378,5.9193937147098135,5.9684756250791935,5.945887879621095,5.926020312440534,5.974556858940824,5.956561171613338,5.935936362922915,5.981076789682329,5.945972421331204,5.924059955658499,5.975266118857241,5.956365934539687,5.934991169833248,5.984438602953704,5.963295332519701,5.941168638587923,5.990523102859809,5.956647717333322,5.935813065842673,5.98430161886649,5.94,5.94
2024-07-07,6.01,5.96,5.966042027832709,5.94049504324295,6.000483907548201,5.97350614184116,5.949794387894767,6.0077431865009405,5.977539506951374,5.953018834570857,6.006741054394893,5.9746828118959465,5.9485829065892855,6.00932317889584,5.978257567367746,5.953046705347305,6.01144506786856,5.9793752912621905,5.953311161712703,6.011580910846589,5.97793960118711,5.953259455449069,6.010632230487902,5.96674204011773,5.96
2024-07-14,6.04,6.01,6.024842344762725,6.003796839501998,6.053382547203849,6.029747233161547,6.009995549538797,6.059155223661591,6.033883624893336,6.01322232404106,6.058479199803743,6.031336197054457,6.009328657936249,6.060979987423512,6.034971291652777,6.013562540652156,6.062971570591537,6.033023233930356,6.010941843831464,6.060162048448395,6.031973930967609,6.011081529868249,6.05942547741365,6.026855100294324,6.01
2024-07-21,6.03,6.04,6.049104820537879,6.015618161638807,6.094214246833743,6.037793134526879,6.007785470739413,6.0827214425509,6.038917881459553,6.007876007483792,6.075888237874456,6.036997190386593,6.003860186172444,6.081430073069251,6.038472756291556,6.006755760216895,6.08004624321581,6.03863870881727,6.006018542305688,6.078773491559277,6.039695869214215,6.008571090465059,6.08047766625225,6.050113060176595,6.04
2024-07-28,6.03,6.03,6.027432689481722,6.008896416082136,6.052414901399069,6.023205894036612,6.005720131613306,6.049234585303575,6.016240727030395,5.997872922077159,6.038146807406333,6.021795933994452,6.002051649688982,6.0482206557113924,6.01519409530296,5.996036467924784,6.040242255118692,6.016690773383859,5.996864274599547,6.04113551608288,6.015473520807603,5.996699100803949,6.040122614535464,6.026628979941135,6.03
2024-08-04,6.03,6.03,6.030339048244836,6.012679291719817,6.0540461108016554,6.034646267803963,6.017937958856685,6.0594442376413085,6.032549315455381,6.014938965738295,6.0535492675292275,6.03414916071285,6.015221450395366,6.059407376925125,6.031984800805707,6.013644288676716,6.055998514557736,6.026693507313578,6.00766794175219,6.050100337626961,6.029301248002853,6.011262581245359,6.052958988907505,6.03,6.03
2024-08-11,6.02,6.03,6.030335903626452,6.007589432364336,6.060796052446338,6.023870001477431,6.00293642222717,6.054852831465195,6.025656007048231,6.003892505377828,6.051674351421944,6.022146085784335,5.998653372798809,6.053469919765288,6.024311074379268,6.001812514284538,6.053769961702452,6.023268601714395,5.99992776156554,6.051961572682313,6.024557724091127,6.002321473676075,6.053719414898674,6.03,6.03
