residual_arima,residual_ridge,residual_persistence,residual_vs_epl_krls,residual_ensemble
-0.008166255639389775,-0.006754640894712338,-0.004000000000000448,-0.005285604168945746,-0.007302060198256299
0.02228192481211977,0.01568857701324955,0.020999999999999908,0.020990814264774116,0.021894591647916073
0.048269894736371555,0.05225502218954592,0.055000000000000604,0.05376067413193919,0.049917128555041934
-0.0016264661666482993,0.014436421753078577,0.015999999999999126,0.012939965725895064,0.00274346340111542
0.0028723007515214505,0.0001161257385620118,0.008000000000000007,0.005166798597962874,0.003560650105454144
0.057436150375760775,0.05080526032151944,0.0600000000000005,0.0575031401379702,0.057456247304424224
0.16477112781820313,0.18073326972792003,0.18400000000000016,0.1806575669136894,0.16953705954684928
-0.03996854135751082,0.026804643868937994,0.019000000000000128,0.01283934799138553,-0.024126174552841384
0.008910857142431006,-0.0019107410680607728,0.01499999999999968,0.009285244337712939,0.009023173301016207
0.23719278195455118,0.2251728486464648,0.242,0.23669037323524478,0.23704205933875944
0.05744354886675218,0.1404410555169635,0.1349999999999998,0.12716166629941572,0.07835898409655151
-0.018264962409042518,0.01468723337407063,0.025000000000000355,0.016309304579755768,-0.007892682312403032
-0.01001203007574869,-0.027741025769060457,-0.0019999999999997797,-0.01024644605402436,-0.01008235486923148
-0.009336633875492772,-0.055119189786734246,-0.001000000000000334,-0.008606763275069262,-0.009117672695365009
-0.0033675444076095573,-0.03723697282926253,-0.001000000000000334,-0.008066002733721156,-0.004777081905443126
-0.011460029281750828,-0.03761725785916514,-0.01100000000000012,-0.017596246179864217,-0.0133008943511852
-0.012884890669631055,-0.04160879801800377,-0.016000000000000014,-0.022105133644942043,-0.01565096356222373
-0.00025961838912724744,-0.0317492011092142,-0.005999999999999339,-0.011633722308170391,-0.003671849564839569
0.0006137655224085492,-0.0281189201385601,-0.0030000000000001137,-0.00828459421912342,-0.0020557424000511304
0.01804450359558185,-0.006905059258729196,0.016000000000000014,0.011008146247066364,0.01593359639102765
0.06190845273024159,0.04462632399350319,0.06599999999999984,0.061151161530833775,0.06168126537041996
0.12511976966893368,0.12819419861166548,0.1459999999999999,0.14097786738321982,0.1298771989832197
-0.04196981494200269,-0.0025833976678883985,0.008000000000000007,0.0023574664717900262,-0.0286716305178647
-0.018341079498249258,-0.033475657501947254,0.0,-0.005445671018883047,-0.014472456954439217
0.0011388235583096318,-0.03159851712779993,0.006999999999999673,0.0017773818667539132,0.001330391050843538
-0.003948923640864521,-0.032868325838286694,0.0,-0.005052927905549787,-0.00428012492027019
-0.0019999999999997797,-0.02022610784350931,-0.0019999999999997797,-0.006861875726083433,-0.0034585627178245204
0.017703125722991153,-0.0011645430698647985,0.017000000000000348,0.012324576867066561,0.016089561066213953
0.23802343135457793,0.22818830786485034,0.24399999999999977,0.2394112899105565,0.2384397889213714
0.7532186617951249,0.8564710513640401,0.8390000000000004,0.8334937567617544,0.7773011902851144
-0.37196124079463466,0.020530837369087784,-0.07699999999999996,-0.08589312040239161,-0.286140804676962
0.08307034033514515,-0.0266397192574388,0.05600000000000005,0.04770731030081965,0.07246143132484839
-0.019687520243741652,-0.09118736468995525,0.0,-0.00825997425626035,-0.01625925644749593
-0.008000000000000007,-0.08753974397967834,-0.008000000000000007,-0.016012614577480377,-0.010403784373243852
0.013812502891962453,-0.007235013683675184,0.010999999999999233,0.0032503236063616825,0.010643849106283021
0.00413280852355058,-0.012457185221094846,0.008000000000000007,0.00042900653069732897,0.0030216679256955814
0.031187497108037476,0.01668309883299024,0.034000000000000696,0.02660846266056094,0.029813786773795314
0.1830468627091557,0.17435808046778511,0.1949999999999994,0.18768851372574513,0.18443935801413236
0.03144524200839971,0.07898395946161862,0.10000000000000053,0.09222310602851369,0.04967860121443479
-0.04736337656996792,-0.0893845764268626,-0.020000000000000462,-0.02790732485152425,-0.0415265610544342
-0.03452732468600672,-0.13007081422677835,-0.040000000000000036,-0.04764790508579875,-0.03846349880594335
0.010945350627987516,-0.09034476453361506,0.0,-0.0073387328147838105,0.0054601255951567396
0.020000000000000462,-0.05110326620172856,0.020000000000000462,0.012834057062304893,0.017850217118692946
0.6445273246860062,0.580645167858874,0.6499999999999995,0.6429393913497634,0.6440509446851337
-0.18786194770478915,0.014423872469407684,-0.009999999999999787,-0.018790585703896134,-0.13714053910452062
-0.03726366234300471,-0.11282782567416749,-0.040000000000000036,-0.04856873349507396,-0.04065518368862531
-0.03905464937201231,-0.13889084803135532,-0.04999999999999982,-0.05827308770012607,-0.04482018087044626
-0.01631831171501652,-0.12236571217128756,-0.03000000000000025,-0.0379627574022976,-0.022811645421200843
-0.03179098702900962,-0.129671777949393,-0.040000000000000036,-0.047718592523313674,-0.036569268677300926
-0.029054649372013408,-0.1292073261980402,-0.040000000000000036,-0.047458247593266556,-0.034575728838389
-0.14905464937201263,-0.2457604368038968,-0.16000000000000014,-0.16720827335966515,-0.1545007365683082
-0.13621859748805143,-0.28184643324259806,-0.17999999999999972,-0.18666705005620798,-0.15135313325849786
-0.07804715543398633,-0.22150155672431726,-0.1200000000000001,-0.10086858632710172,-0.08489358470191988
0.007968563044009613,-0.11220175206888428,-0.019999999999999574,-0.02755675732735341,-0.0026890330673987606
-0.025338572825998718,-0.10344408749935408,-0.03000000000000025,-0.051296033702572075,-0.03312581108897117
-0.013007859238997277,-0.0918215853925739,-0.019999999999999574,-0.030409269074306522,-0.018228282189590495
-0.11533857282599858,-0.19033478153948735,-0.1200000000000001,-0.10829454956649887,-0.11322536584814813
-0.06203143695599067,-0.17706581423041357,-0.08999999999999986,-0.06147994250366651,-0.061865988620292356
-0.049023577716993394,-0.15373738409077653,-0.07000000000000028,-0.04741002484784396,-0.04853951185624794
0.006314995109005572,-0.08850351945274415,-0.009999999999999787,0.0016049655103627103,0.004901986229413069
0.07233071358700016,0.004184392897792044,0.0699999999999994,0.0758628162901962,0.07339034439795977
-0.056314995109005395,-0.0876884847097763,-0.040000000000000036,-0.04502121227303135,-0.05292686025821247
0.03932285434800331,-0.034564173864892744,0.03000000000000025,0.04707461419293413,0.04164838230148327
-0.006992140761002297,-0.0523385419254776,0.0,0.006947941545873526,-0.00281011606893955
-0.019999999999999574,-0.07553596660654183,-0.019999999999999574,-0.01415907960237206,-0.018247723880711497
-0.005134357955510538,-0.02432275110354709,-0.010000000000000675,-0.013611756472548642,-0.007677577510621703
-0.007567178977754274,-0.024686393688635455,-0.009999999999999787,-0.01794271832398664,-0.01067984078162354
-0.03756717897775541,-0.057029739636247356,-0.040000000000000036,-0.054651608032033394,-0.04269250769403854
-0.1402687159110192,-0.17299747555384926,-0.14999999999999947,-0.16520210930114043,-0.1477487339280552
-0.023507684666324025,-0.10234812527954418,-0.0600000000000005,-0.07048134631141334,-0.03759978315985002
-0.025403073866529624,-0.06655965224260907,-0.040000000000000036,-0.042201614561875544,-0.030442636075133755
0.13973128408898017,0.11170279139166794,0.1299999999999999,0.1201713971662901,0.13386331801217377
-0.07162667328918637,-0.02365197334829272,-0.040000000000000036,-0.06922451576897792,-0.07090602603312401
-0.03026871591101976,-0.051823407064551574,-0.040000000000000036,-0.05748010192139663,-0.03843213171413229
-0.04026871591101955,-0.06520024492922882,-0.04999999999999982,-0.05368455473611444,-0.044293467558548016
0.022164105111225574,-0.005684602031091224,0.009999999999999787,-0.000958709343162667,0.015227260774909546
-0.07243282102224491,-0.07688928516093352,-0.0699999999999994,-0.08925980459415239,-0.07748091609381635
-0.20297025284428472,-0.2447420361110293,-0.22000000000000064,-0.21582387254353197,-0.20682633875405898
0.004705570523107383,-0.09109733290881916,-0.04999999999999982,-0.03995560158010569,-0.00869278110785654
-0.017566915790203197,-0.0364510272307923,-0.03000000000000025,-0.03180838075338599,-0.021839355279157147
-0.01254014947412152,-0.013599702017710769,-0.019999999999999574,-0.0583835429975208,-0.026293167531141748
-0.02502676631608125,-0.02326966909000472,-0.03000000000000025,-0.0242829543948595,-0.02480362273971437
-0.022540149474121307,-0.022497648840714923,-0.02999999999999936,-0.028476409651204904,-0.024321027527245853
-0.07254014947412202,-0.07316362778422825,-0.08000000000000007,-0.08071568673612628,-0.07499281065272267
-0.00010706526432535668,-0.018725168033416395,-0.020000000000000462,-0.019154755070045937,-0.0058213722060411754
-0.0050267663160807885,0.001700380713023364,-0.009999999999999787,-0.01143335680144375,-0.0069487434616899435
-0.03751338315804098,-0.028343470234502455,-0.040000000000000036,-0.041444805141690466,-0.038692809753135826
-0.010053532632162465,-0.015563834113920372,-0.020000000000000462,-0.023306030517932896,-0.01402928199789244
-0.0650267663160804,-0.06038392304800144,-0.0699999999999994,-0.07702568125588449,-0.06862644079802127
-0.11259368210628384,-0.13121924472753044,-0.1299999999999999,-0.1373839756580848,-0.12003077017182395
-0.07767398105452816,-0.1296020751041862,-0.11000000000000032,-0.11509273342380943,-0.08889960676531228
-0.19147337061279934,-0.22633706334133574,-0.21999999999999975,-0.2251983293891877,-0.20159085824571576
-0.022946741225599254,-0.10710676316301182,-0.08000000000000007,-0.07258670919642007,-0.037838731616845145
-0.009253360445672598,-0.02596755600157774,-0.03000000000000025,-0.04001504251600796,-0.018481865066772407
-0.02222001016712749,-0.006748044011914089,-0.03000000000000025,-0.05108959014277037,-0.03088088415982071
-0.042220010167127064,-0.023470567842200474,-0.04999999999999982,-0.06821227154902143,-0.0500176885816952
0.0029666497214551057,0.014714675975855407,-0.009999999999999787,-0.02260384625591705,-0.004704499071755741
-0.01740667005570984,0.013349894220592518,-0.020000000000000462,-0.034970810461039115,-0.022675912177308355
-0.004813340111417652,0.021144771744454616,-0.009999999999999787,-0.024950783880754557,-0.01085457324221828
-0.01740667005570895,0.010722552950635844,-0.019999999999999574,-0.03638593033215454,-0.023100448138642093
-0.004813340111417652,0.015935749079536876,-0.009999999999999787,-0.02454399694047371,-0.010732537160134115
0.022593329944290197,0.04453336031414068,0.019999999999999574,0.00556924322750163,0.017486103929254426
0.07481334011141794,0.10662960603838645,0.08000000000000007,0.06218550324729133,0.07102498905218013
0.3992533604456723,0.45529683787962405,0.41999999999999993,0.39106948216676507,0.3967981969620009
0.4297056116438247,0.6328086036366392,0.5499999999999998,0.41585886246822934,0.4255515868911468
-0.0775283657045156,0.179913535223303,0.08000000000000007,0.09081533348081461,-0.02702525594891636
0.027086783170252815,0.04614116354095188,0.04999999999999982,0.06830427019196605,0.0394520292767675
0.005679239481407805,-0.007180762076547609,0.020000000000000462,0.022592014585502085,0.010753072012636089
0.014271695792562156,-0.021924634939422205,0.019999999999999574,0.008743591203385748,0.012613264415809233
-0.00572830420743653,-0.050499417294610716,0.0,-0.0018950868071145877,-0.004578338987339947
0.0,-0.05568683446346956,0.0,0.007024550389732376,0.0021073651169203345
-0.019999999999999574,-0.07474642696124167,-0.019999999999999574,-0.014483219216448795,-0.01834496576493372
-0.014271695792563932,-0.06700358205230117,-0.020000000000000462,-0.02371351774107744,-0.017104242377118162
0.0757283042074377,0.03852655659821291,0.07000000000000028,0.06627527412137546,0.07289239518161938
-0.0100490647260294,-0.0014180632598002063,0.009999999999999787,-0.0013303289240935712,-0.007433443985448207
-0.022864152103718283,-0.03929934957409742,-0.019999999999999574,-0.023394256384369427,-0.023023183387913093
-0.02427169579256372,-0.04721573573074078,-0.03000000000000025,-0.030274747186660456,-0.026072611210792296
-0.019919752808886138,-0.03669909116728309,-0.03000000000000025,-0.03270113595476776,-0.023754167752650268
-0.009919752808885463,-0.02447097761100192,-0.019999999999999574,-0.027175984747032977,-0.015096622390329273
-0.02327983520592447,-0.031595692325956826,-0.03000000000000025,-0.037886757660951176,-0.02766191194243195
-0.05991975280888617,-0.07258404111722427,-0.07000000000000028,-0.07821986655264546,-0.0654097869320136
-0.05647942322073263,-0.08708313972036397,-0.07999999999999918,-0.08754155016653353,-0.06579806130447263
-0.013119340823696035,-0.04426389354641547,-0.040000000000000036,-0.04678509773424899,-0.023219067896861567
0.043440329588151805,0.03390924753848257,0.02999999999999936,0.02241029505930392,0.03713131922949753
-8.024719111343614e-05,0.02344458776602565,0.010000000000000675,0.0005143506721667634,9.813216787080137e-05
-0.04336008239703837,-0.0316244490561024,-0.040000000000000036,-0.04794656341474823,-0.044736026702350884
-0.016559670411847804,-0.02893367549405479,-0.03000000000000025,-0.032502702615997414,-0.02134258007309242
0.020080247191113898,0.013255604391218867,0.009999999999999787,0.0076894970826346665,0.016363022158570217
0.056639917602962164,0.06874195177629083,0.0600000000000005,0.05421432086947764,0.05591223858291716
-0.030160494382228897,0.002848313825760229,-0.010000000000000675,-0.01900992087582498,-0.02681532233030648
0.00337711074602165,0.0008505888600316425,0.0,-0.008565008579518363,-0.00020552505163973223
-0.009999999999999787,-0.008873091152593382,-0.009999999999999787,-0.019078873923580986,-0.012723662177073436
-0.006622889253978137,-0.009692124223237286,-0.009999999999999787,-0.01919706371494101,-0.010395141592266732
-0.0266228892539786,-0.029326990120082996,-0.03000000000000025,-0.04187983114933491,-0.031199971822585937
0.020131332238063848,0.006615386958725544,0.009999999999999787,-0.002950133967960511,0.013206892376256718
-0.013377110746021437,-0.008032077135078808,-0.009999999999999787,-0.025213544972457314,-0.01692804101395229
0.013377110746021437,0.009419631805874573,0.009999999999999787,-0.003023104406345567,0.008457046200311957
-0.00337711074602165,0.00388410406137929,0.0,-0.011846605170177327,-0.0059179590732680865
0.010000000000000675,0.011391024999700683,0.010000000000000675,-0.0007258924015829393,0.0067822322795256795
0.016622889253977924,0.022508483254918055,0.019999999999999574,0.008797608268348078,0.014275304958289325
-0.0067542214920424115,0.0032742478867993086,0.0,-0.010594046706608573,-0.007906169056412615
-8.881784197001252e-16,0.00025660883835243453,0.0,-0.010005660531654748,-0.0030016981594966907
-0.009999999999999787,-0.010572945222727448,-0.009999999999999787,-0.020567425964775232,-0.013170227789432332
-0.016624926769575943,-0.021567488241031718,-0.020000000000000462,-0.03087972204418854,-0.020901365351958745
0.00675014646084815,-0.0028250492365131663,0.0,-0.00929696205035846,0.0019360139074864335
-0.009999999999999787,-0.009192386918458695,-0.009999999999999787,-0.020686824760148603,-0.013206047428043988
0.003375073230424519,-0.0008157236144334945,0.0,-0.011088143480813883,-0.0009638917829466465
0.020000000000000462,0.02117965787794418,0.020000000000000462,0.009061473164977407,0.0167184419494939
-0.00675014646084815,0.004239703376090809,0.0,-0.010306651821595736,-0.00781709806907216
0.019999999999999574,0.020873380196213098,0.019999999999999574,0.010092779844572242,0.017027833953371818
0.04324985353915167,0.053532277507763126,0.04999999999999982,0.0395994829221733,0.04215474235405825
0.01312463384787943,0.03691802545126155,0.03000000000000025,0.01920423490012535,0.014948514163553916
-0.020125219691272456,-0.007754050148877312,-0.009999999999999787,-0.020261678760754798,-0.020166157412115915
0.003375073230424519,-0.004516512048614807,0.0,-0.006731752411493375,0.0003430255378500391
0.0,-0.002983645642788524,0.0,-0.008439444593509648,-0.002531833378053072
-0.010000000000000675,-0.01271121153060406,-0.010000000000000675,-0.020206400686709536,-0.013061920206013156
